-- phpMyAdmin SQL Dump
-- version 5.0.4
-- https://www.phpmyadmin.net/
--
-- Servidor: 127.0.0.1
-- Tiempo de generación: 15-03-2023 a las 15:28:05
-- Versión del servidor: 10.4.17-MariaDB
-- Versión de PHP: 7.3.26

SET SQL_MODE = "NO_AUTO_VALUE_ON_ZERO";
START TRANSACTION;
SET time_zone = "+00:00";


/*!40101 SET @OLD_CHARACTER_SET_CLIENT=@@CHARACTER_SET_CLIENT */;
/*!40101 SET @OLD_CHARACTER_SET_RESULTS=@@CHARACTER_SET_RESULTS */;
/*!40101 SET @OLD_COLLATION_CONNECTION=@@COLLATION_CONNECTION */;
/*!40101 SET NAMES utf8mb4 */;

--
-- Base de datos: `annilunch`
--

-- --------------------------------------------------------

--
-- Estructura de tabla para la tabla `clientes`
--

CREATE TABLE `clientes` (
  `id` int(11) NOT NULL,
  `empId` int(11) NOT NULL,
  `cedula` varchar(20) NOT NULL,
  `nombre` varchar(100) NOT NULL,
  `direccion` varchar(200) DEFAULT NULL,
  `centro_costos` varchar(200) DEFAULT NULL,
  `consumos` int(11) NOT NULL,
  `estado` varchar(10) NOT NULL
) ENGINE=InnoDB DEFAULT CHARSET=utf8mb4;

--
-- Volcado de datos para la tabla `clientes`
--

INSERT INTO `clientes` (`id`, `empId`, `cedula`, `nombre`, `direccion`, `centro_costos`, `consumos`, `estado`) VALUES
(1, 1, '17', 'Starman', 'Quito', '22233', 1, '1'),
(2, 1, '17', 'Starman', 'Quito', '22233', 1, '1'),
(3, 1, '1758813792', 'Nino Betancourt Raul Adolfo', '', '1049479', 1, '1'),
(4, 1, '1760911287', 'Bedoya Restrepo Cesar Augusto', '', '1049601', 1, '1'),
(5, 1, '0604024828', 'Coro Guairacaja Beliza', '', '173294', 1, '1'),
(6, 1, '1718336173', 'Pallares Gonzalez Christian Alexander', '', '1000096', 1, '1'),
(7, 1, '1721218566', 'Hinojosa Llerena Jose Raul', '', '1000206', 1, '1'),
(8, 1, '0103942603', 'Tamariz Velez Juan Sebastian', '', '1000298', 1, '1'),
(9, 1, '1308250370', 'Lourido Jara Edmundo Aurelio', '', '1000310', 1, '1'),
(10, 1, '0106398787', 'Sanchez Deleg Diana Carolina', '', '1001090', 1, '1'),
(11, 1, '1713694477', 'Cevallos Calero Maria Lorena', '', '1001137', 1, '1'),
(12, 1, '1712842572', 'Gomez Jacome Julio Fernando', '', '1001297', 1, '1'),
(13, 1, '1709509184', 'Ortiz De la Roche Cristina Marisol', '', '1001532', 1, '1'),
(14, 1, '1103610760', 'Herrera Vivanco Flavio Augusto', '', '1001533', 1, '1'),
(15, 1, '1713162335', 'Armijo Alvarado Adan Abel', '', '1001767', 1, '1'),
(16, 1, '0201872975', 'Arevalo Pachala Katherine Alexandra', '', '1001772', 1, '1'),
(17, 1, '1717545667', 'Melo Flores Dianna Carolina', '', '1001931', 1, '1'),
(18, 1, '1718052143', 'Jacome Sagnay Maria Gabriela', '', '1002016', 1, '1'),
(19, 1, '1720970555', 'Izurieta Pacheco Daniela Estefania', '', '1002447', 1, '1'),
(20, 1, '0930715248', 'Armas Ramirez Christian Fernando', '', '1002662', 1, '1'),
(21, 1, '0926860560', 'Aguirre Iniguez Martha Paola', '', '1002791', 1, '1'),
(22, 1, '0919598052', 'Camacho Sarasti Lidia Patricia', '', '1002990', 1, '1'),
(23, 1, '1003418652', 'Cervantes Rivadeneira Andres Eduardo', '', '1002993', 1, '1'),
(24, 1, '0102597457', 'Sarmiento Ullauri Marcelo Vinicio', '', '1003001', 1, '1'),
(25, 1, '1720447208', 'Quito Carrion Marco Vinicio', '', '1003041', 1, '1'),
(26, 1, '0603925462', 'Ojeda Ojeda Gina Alejandra', '', '1003201', 1, '1'),
(27, 1, '1715820468', 'Lopez Zambrano Erick Israel', '', '1003301', 1, '1'),
(28, 1, '1711606358', 'Aleman Garcia Denisse Alexandra', '', '1003408', 1, '1'),
(29, 1, '1721066098', 'Arcentales Perez Carmen Jacqueline', '', '1003535', 1, '1'),
(30, 1, '1104689334', 'Castillo Cuenca Carlos Javier', '', '1003567', 1, '1'),
(31, 1, '1721844098', 'Calvopina Delgado Katherine Cristina', '', '1003876', 1, '1'),
(32, 1, '1722489612', 'Aguirre Saenz Santiago Patricio', '', '1004079', 1, '1'),
(33, 1, '1714765821', 'Pallo Chango Edgar Fernando', '', '1004228', 1, '1'),
(34, 1, '1724079510', 'Cueva Jimenez Michelle Alejandra', '', '1004318', 1, '1'),
(35, 1, '1714556832', 'Arguello Santiana Carlos Francisco', '', '1004538', 1, '1'),
(36, 1, '0919721639', 'Montes Regato Karla Liliana', '', '1004683', 1, '1'),
(37, 1, '1755029095', 'Tato Gonzalez Beatriz', '', '1004773', 1, '1'),
(38, 1, '1205035791', 'Orellana Sandoval Jose Enrique', '', '1004776', 1, '1'),
(39, 1, '1708279797', 'Cajilema Flores Yadira Leonor', '', '1004791', 1, '1'),
(40, 1, '1711782332', 'Pasquel Quinonez Rene Mauricio', '', '1005032', 1, '1'),
(41, 1, '0951588532', 'Hidalgo Constante Byron Andres', '', '1005101', 1, '1'),
(42, 1, '1758488702', 'Carvajal Rodriguez Lourdes Pastora Ines', '', '1005226', 1, '1'),
(43, 1, '1718139122', 'Villarreal Noboa Ana Cristina', '', '1005291', 1, '1'),
(44, 1, '1720745817', 'Santander Roman Grace Maricela', '', '1005332', 1, '1'),
(45, 1, '1716274285', 'Viteri Guevara Sandra Paulina', '', '1005376', 1, '1'),
(46, 1, '1718856006', 'Castellano Ordonez Yanick Alonso', '', '1005768', 1, '1'),
(47, 1, '1721823928', 'Contreras Auz David Sebastian', '', '1005771', 1, '1'),
(48, 1, '1725293227', 'Mino Teran Daniela Alejandra', '', '1005784', 1, '1'),
(49, 1, '1720628427', 'Andrade Velasco Maria Soledad', '', '1005935', 1, '1'),
(50, 1, '1400364962', 'Vasquez Bracho Veronica Dolores', '', '1005960', 1, '1'),
(51, 1, '1713704623', 'Almeida Sanchez Maria Isabel', '', '1006078', 1, '1'),
(52, 1, '0922110325', 'Chanaba Rivera Johanna Estefania', '', '1006299', 1, '1'),
(53, 1, '1716166416', 'Hurtado Parreno Andres Patricio', '', '1006337', 1, '1'),
(54, 1, '0925578064', 'Moreano Diaz Edie Arturo', '', '1006360', 1, '1'),
(55, 1, '1720745270', 'Moreta Ortega Alan Michael', '', '1006603', 1, '1'),
(56, 1, '1724012172', 'Castro Chavez Mauricio Andres', '', '1006613', 1, '1'),
(57, 1, '0924319197', 'Vizuete Escobar Carlos Mauricio', '', '1006780', 1, '1'),
(58, 1, '1721342507', 'Vargas Jaramillo Paul Nicolas', '', '1007073', 1, '1'),
(59, 1, '1720809803', 'Venegas Andrade Juan Andres', '', '1007567', 1, '1'),
(60, 1, '1719735373', 'Lucero Unda Sara Lizeth', '', '1007780', 1, '1'),
(61, 1, '1758492027', 'Marin Mora Jeferson Alfredo', '', '1007917', 1, '1'),
(62, 1, '1716134034', 'Samaniego Saenz Valeria Isabel', '', '1007921', 1, '1'),
(63, 1, '1757736887', 'Dos Ramos Zambrano Andres Jose Alejandro', '', '1008121', 1, '1'),
(64, 1, '1714208376', 'Chavez Vinueza Nelson Xavier', '', '1008122', 1, '1'),
(65, 1, '1722506605', 'Tuquerez Herrera Jessica Andrea', '', '1008310', 1, '1'),
(66, 1, '1105004509', 'Mena Medina Jose Luis', '', '1008331', 1, '1'),
(67, 1, '1003193065', 'Zura Chala Andrea Yomaira', '', '1008336', 1, '1'),
(68, 1, '1722382932', 'Gaona Guerrero Irene Carolina', '', '1008422', 1, '1'),
(69, 1, '0941006744', 'Leon Ruiz Lissette Ashley', '', '1008513', 1, '1'),
(70, 1, '1104601636', 'Maldonado Mendieta Priscila Galina', '', '1008548', 1, '1'),
(71, 1, '0401318530', 'Enriquez Aguilar Genny Elizabeth', '', '1008665', 1, '1'),
(72, 1, '1758700551', 'Obregon Martinez Juan Andres', '', '1008925', 1, '1'),
(73, 1, '1714025135', 'Vallejo Tolagasi Roberto Carlos', '', '1008974', 1, '1'),
(74, 1, '1720210804', 'Fernandez Jimenez Claudia Betzabeth', '', '1009866', 1, '1'),
(75, 1, '0961492030', 'Fernandez Delgado Yosmel', '', '1009885', 1, '1'),
(76, 1, '1725634552', 'Sanchez Arteaga Fredy Vicente', '', '1009930', 1, '1'),
(77, 1, '1758088288', 'Saavedra Talledo Alan Alexander', '', '1009931', 1, '1'),
(78, 1, '0401477310', 'Guerrero Tuz Jonathan Javier', '', '1009932', 1, '1'),
(79, 1, '1725407611', 'Fuentes Fuentes Andres Marcelo', '', '1009934', 1, '1'),
(80, 1, '1725641201', 'Velasco Arias Maria Belen', '', '1009951', 1, '1'),
(81, 1, '1717171456', 'Luzuriaga Montoya Leidy Janeth', '', '1009952', 1, '1'),
(82, 1, '1715643688', 'Cutus Mullo Oscar Danilo', '', '1009953', 1, '1'),
(83, 1, '1718823451', 'Caceres Caceres Sandy Lorena', '', '1009968', 1, '1'),
(84, 1, '1717345787', 'Reinoso Cardenas Gerson Bernardo', '', '1010164', 1, '1'),
(85, 1, '1710885235', 'Velasquez Benitez Roberto Javier', '', '1010180', 1, '1'),
(86, 1, '1726694829', 'Reyes Paz y Mino Martin Nicolas', '', '1010546', 1, '1'),
(87, 1, '0931141436', 'Mejia Navarro Jean Carlos', '', '1010763', 1, '1'),
(88, 1, '1717667727', 'Echeverria Gomez Alvaro Luis', '', '1011084', 1, '1'),
(89, 1, '1722337993', 'Sango Quimbita Karina Mireya', '', '1011201', 1, '1'),
(90, 1, '1717921306', 'Canaveral Bastidas Dario Javier', '', '1011202', 1, '1'),
(91, 1, '1723481790', 'Rodriguez Cordova Bryan Alexander', '', '1011206', 1, '1'),
(92, 1, '1723726574', 'Munoz Esparza Alejandro Efrain', '', '1011207', 1, '1'),
(93, 1, '0930061197', 'Bastidas Martinez Leonel Andres', '', '1011210', 1, '1'),
(94, 1, '1714436860', 'Correa Haro Julia Paulina', '', '1011213', 1, '1'),
(95, 1, '1723504013', 'Laverde Paucar Victor Hugo', '', '1011273', 1, '1'),
(96, 1, '0925812810', 'Velez Zambrano Julio Cesar', '', '1011290', 1, '1'),
(97, 1, '1757580897', 'Hernandez Salcedo Hans Alexander', '', '1011392', 1, '1'),
(98, 1, '0703628776', 'Acosta Morales Andrea Mishel', '', '1011404', 1, '1'),
(99, 1, '1713737029', 'Santos Logrono Gustavo Javier', '', '1011432', 1, '1'),
(100, 1, '1721673711', 'Reinoso Rivadeneira Bryan Andres', '', '1011505', 1, '1'),
(101, 1, '0503264830', 'Fonseca Romero Hugo Gabriel', '', '1011507', 1, '1'),
(102, 1, '1757940117', 'Mago Franco Estefania Jose', '', '1011545', 1, '1'),
(103, 1, '0603958539', 'Noboa Silva Andres Alfredo', '', '1011554', 1, '1'),
(104, 1, '1003225859', 'Puerres Alquedan Andrea Estefania', '', '1011581', 1, '1'),
(105, 1, '1724424021', 'Borja Naranjo Cristina Elizabeth', '', '1011585', 1, '1'),
(106, 1, '1719997221', 'Pillajo Bolagay Carlos Andres', '', '1011611', 1, '1'),
(107, 1, '1803124039', 'Flores Bermeo Mario Fernando', '', '1011662', 1, '1'),
(108, 1, '1716965908', 'Ushina Puco Galo Esteban', '', '1011686', 1, '1'),
(109, 1, '1719006205', 'Andrade Eguez Felipe Mateo', '', '1011896', 1, '1'),
(110, 1, '1308943800', 'Cedeno Macias Winston Gregorio', '', '1012074', 1, '1'),
(111, 1, '1716776941', 'Viteri Veloz Paulo Agusto', '', '1012175', 1, '1'),
(112, 1, '1718175274', 'Ayala Pacheco David Gonzalo', '', '1012314', 1, '1'),
(113, 1, '1721407821', 'Tapia Cabezas Cristian Pablo', '', '1012353', 1, '1'),
(114, 1, '1713331328', 'Proano Mena Johanna Paulina', '', '1012482', 1, '1'),
(115, 1, '1719110049', 'Guerron Barrera Gabriela Selene', '', '1012550', 1, '1'),
(116, 1, '0909538324', 'Andrade Sarmiento Jorge Xavier', '', '1012868', 1, '1'),
(117, 1, '1722244173', 'LLumiquinga Pazuna Catherine Veronica', '', '1013290', 1, '1'),
(118, 1, '1723580336', 'Maldonado Pillajo Carlos Andres', '', '1013497', 1, '1'),
(119, 1, '1719898858', 'Huilcapi Aleman Oscar Alejandro', '', '1013499', 1, '1'),
(120, 1, '0401378641', 'Taco Flores Teresa Fernanda', '', '1013515', 1, '1'),
(121, 1, '0102606993', 'Siguenza Paz Consuelo Del Cisne', '', '1013518', 1, '1'),
(122, 1, '1718016692', 'Rojas Velasco Mauricio Fernando', '', '1013525', 1, '1'),
(123, 1, '1718816935', 'Cevallos Silva Alexander Raul', '', '1013588', 1, '1'),
(124, 1, '0962537213', 'Vivas Zambrano Marisi', '', '1013608', 1, '1'),
(125, 1, '1716270994', 'Basantes Aguas Fabian Rodrigo', '', '1013621', 1, '1'),
(126, 1, '1752052371', 'Barba Nandar Gabriela Mishell', '', '1013781', 1, '1'),
(127, 1, '1715759278', 'Baquero Jimenez Cristian Ivan', '', '1013898', 1, '1'),
(128, 1, '1757697683', 'Chacon Pinto Jose Luis', '', '1013940', 1, '1'),
(129, 1, '0704714500', 'Maldonado Reyes Cristopher Janpierre', '', '1014491', 1, '1'),
(130, 1, '1758900078', 'Dicenso Medina Naldo Jose', '', '1014720', 1, '1'),
(131, 1, '1726046350', 'Freire Conrado Anthony Bryan', '', '1015083', 1, '1'),
(132, 1, '1751399583', 'Beltran Brito Karen Pamela', '', '1015114', 1, '1'),
(133, 1, '1722641022', 'Martinez Ortega Jorge Washington', '', '1015184', 1, '1'),
(134, 1, '0914809785', 'Teran Garcia Jose Bolivar', '', '1015632', 1, '1'),
(135, 1, '0704650274', 'Curipoma Castro Williams Fernando', '', '1015745', 1, '1'),
(136, 1, '1717194052', 'Baus Logrono Andres Santiago', '', '1015770', 1, '1'),
(137, 1, '1723781074', 'Ango Yanacallo Johny Patricio', '', '1016235', 1, '1'),
(138, 1, '1713144572', 'Salvador Rodriguez Jorge Ignacio', '', '1016577', 1, '1'),
(139, 1, '1716176209', 'Arellano Salazar Karen Samantha', '', '1016588', 1, '1'),
(140, 1, '1717638074', 'Rivera Gomez Denisse Andrea', '', '1016644', 1, '1'),
(141, 1, '1717737629', 'Lara Torres Matilde Pamela', '', '1016723', 1, '1'),
(142, 1, '1721839593', 'Loor Vergara Mayra Indira', '', '1016918', 1, '1'),
(143, 1, '1003471164', 'Morales Taya Blanca Johselyn', '', '1017028', 1, '1'),
(144, 1, '1713068060', 'Chauvin Ojeda Raul Alejandro', '', '1017072', 1, '1'),
(145, 1, '1719888305', 'Caisapanta Larrea Amelia Veronica', '', '1017301', 1, '1'),
(146, 1, '1721819629', 'Paez Martinez Lorena Monserratte', '', '1017352', 1, '1'),
(147, 1, '1715640171', 'Fabara Salazar Santiago Eugenio', '', '1017382', 1, '1'),
(148, 1, '0503374803', 'Pacheco Gavilanez Maria Belen', '', '1017407', 1, '1'),
(149, 1, '1725561045', 'Martinez Cortez Jessica Dayana', '', '1017586', 1, '1'),
(150, 1, '1803028396', 'Barriga Torres Eider Nicole', '', '1017764', 1, '1'),
(151, 1, '1716438328', 'Zurita Ponce Jessica Paola', '', '1018455', 1, '1'),
(152, 1, '1721716445', 'Valdivieso Carrion Diana Alexandra', '', '1018901', 1, '1'),
(153, 1, '1718301540', 'Gualli Ushina Rene Fernando', '', '1018962', 1, '1'),
(154, 1, '0201825809', 'Gaibor Coloma Jose Alberto', '', '1019038', 1, '1'),
(155, 1, '0916350861', 'Almeida Rivas Francisco Salomon', '', '1019082', 1, '1'),
(156, 1, '1003549373', 'Vega Villegas Carla Thalia', '', '1019191', 1, '1'),
(157, 1, '1723450019', 'Zarria Roldan Brenda Lucia', '', '1019569', 1, '1'),
(158, 1, '1718160490', 'Duran Perez Ricardo Alberto', '', '1019782', 1, '1'),
(159, 1, '1717820136', 'Jurado Calderon Patricia Gabriela', '', '1019785', 1, '1'),
(160, 1, '0926048604', 'Arteaga Yela Kevin Efren', '', '1020185', 1, '1'),
(161, 1, '1717932576', 'Proano Sotomayor Paulina Elizabeth', '', '1020306', 1, '1'),
(162, 1, '1757657489', 'Gonnet Suarez Bruno Mauricio', '', '1020386', 1, '1'),
(163, 1, '1002428314', 'Ayala Cangas Gustavo Xavier', '', '1021043', 1, '1'),
(164, 1, '0704068907', 'Estrella Amaya Jenny Maria', '', '1021183', 1, '1'),
(165, 1, '1706746979', 'Torres Rites Andres Dean', '', '1021252', 1, '1'),
(166, 1, '1718011578', 'Pinto Ramirez Andrea Patricia', '', '1021779', 1, '1'),
(167, 1, '1104260193', 'Ochoa Camacho Dario Alexander', '', '1022005', 1, '1'),
(168, 1, '1721752929', 'Grajales Cruz Carlos Andres', '', '1022031', 1, '1'),
(169, 1, '1715162911', 'Torres Moreno Gabriel Ubaldino', '', '1022436', 1, '1'),
(170, 1, '1720284403', 'Trujillo Utreras Natalia Carolina', '', '1022528', 1, '1'),
(171, 1, '1711664688', 'Hidalgo Alomoto Wendy Patricia', '', '1022731', 1, '1'),
(172, 1, '1715244875', 'Lara Herrera Luis Miguel', '', '1023052', 1, '1'),
(173, 1, '1716289341', 'Tobar Valdivieso Francisco Jose', '', '1023236', 1, '1'),
(174, 1, '1716603822', 'Cordero Santamaria Raul Francisco', '', '1023302', 1, '1'),
(175, 1, '1713817847', 'Sevillano Carrera Dario Oswaldo', '', '1023362', 1, '1'),
(176, 1, '0926583584', 'Vera Florencia Diana Paola', '', '1023367', 1, '1'),
(177, 1, '1104972706', 'Araujo Morocho Maria Jose', '', '1023370', 1, '1'),
(178, 1, '0603350885', 'Camacho Gaibor Fabian Mauricio', '', '1023374', 1, '1'),
(179, 1, '1756372973', 'Esqueda De Calcano Jeluz Urania del Valle', '', '1023695', 1, '1'),
(180, 1, '1717921298', 'Raza Raza Ricardo David', '', '1023723', 1, '1'),
(181, 1, '1722440532', 'Navas Mesias Maria Jose', '', '1023762', 1, '1'),
(182, 1, '1725405938', 'Tutillo Celi Sara Andrea', '', '1023879', 1, '1'),
(183, 1, '1714722335', 'Romero Almeida Esteban Oswaldo', '', '1024233', 1, '1'),
(184, 1, '1716814197', 'Campana Mejia Mario Fernando', '', '1024246', 1, '1'),
(185, 1, '1718949413', 'Montero Torres Mauricio Andres', '', '1024514', 1, '1'),
(186, 1, '0925495491', 'Ponce Orellana Andres Fernando', '', '1024709', 1, '1'),
(187, 1, '0201932159', 'Guerrero Sanchez Charly Efren', '', '1024780', 1, '1'),
(188, 1, '1757754856', 'Saavedra Guevara Hugo Ricardo', '', '1025186', 1, '1'),
(189, 1, '1714262977', 'Burgos Portilla Marian Cristhina', '', '1025187', 1, '1'),
(190, 1, '0926384967', 'Rodriguez Rodriguez David Leonardo', '', '1025502', 1, '1'),
(191, 1, '1719565523', 'Rivadeneira Toro Sebastian Andres', '', '1025605', 1, '1'),
(192, 1, '1759789702', 'Benatuil Valls Luis Alberto', '', '1025700', 1, '1'),
(193, 1, '1712948791', 'Veloz Moya Danilo Jose', '', '1025756', 1, '1'),
(194, 1, '1716139561', 'Matiz Moya Natalia Carolina', '', '1025764', 1, '1'),
(195, 1, '1717527129', 'Medina Teran Carlos Andres', '', '1025816', 1, '1'),
(196, 1, '1719112706', 'Gallegos Correa Carlos Leonardo', '', '1025820', 1, '1'),
(197, 1, '1725353856', 'Sanchez Rosero Monica Fernanda', '', '1025833', 1, '1'),
(198, 1, '1720001492', 'Molina Ramos Luis Steve', '', '1025873', 1, '1'),
(199, 1, '1720039526', 'Hidalgo Vilana Susana Lizette', '', '1025910', 1, '1'),
(200, 1, '1757285018', 'Hernandez Mudarra Marlon Jose', '', '1025964', 1, '1'),
(201, 1, '1717632564', 'Ibarra Chiriboga Eduardo Esteban', '', '1025969', 1, '1'),
(202, 1, '1714721204', 'Valarezo Varela Christian David', '', '1025986', 1, '1'),
(203, 1, '0803021880', 'Ruales Estupinan Melani Stefania', '', '1026205', 1, '1'),
(204, 1, '1715828107', 'Ordonez Nino Andrea', '', '1026303', 1, '1'),
(205, 1, '1003317524', 'Jarrin Suarez Andrea Gabriela', '', '1026320', 1, '1'),
(206, 1, '1713173415', 'Gualle Calahorrano Diego Xavier', '', '1026522', 1, '1'),
(207, 1, '0302432364', 'Aguilar Gallo Jhon Henrry', '', '1026953', 1, '1'),
(208, 1, '1003060256', 'Arguello Negrete Abel Antonio', '', '1027017', 1, '1'),
(209, 1, '1716485626', 'Fajardo Troya Andres Esteban', '', '1027044', 1, '1'),
(210, 1, '0931014161', 'Chavez Aguilar Michelle Anabel', '', '1027118', 1, '1'),
(211, 1, '1717487399', 'Sosa Gomez Andrea Carolina', '', '1027237', 1, '1'),
(212, 1, '0908897465', 'Dirani De la Torre Franco Humberto', '', '1027333', 1, '1'),
(213, 1, '1719470922', 'Lamina Chanchay Oscar Andres', '', '1027771', 1, '1'),
(214, 1, '1725124919', 'Alvear Sandoval Pablo Andres', '', '1027970', 1, '1'),
(215, 1, '1718240771', 'Caluguillin Yascual Ivan Marcelo', '', '1028554', 1, '1'),
(216, 1, '1720276177', 'Rios Criollo Christian Manuel', '', '1028578', 1, '1'),
(217, 1, '1717653586', 'Arias Mera Luis Fernando', '', '1028579', 1, '1'),
(218, 1, '1714383898', 'Romero Chuquitarco Andres Daniel', '', '1028582', 1, '1'),
(219, 1, '1715232722', 'Carrasco Quelal Christian Hernan', '', '1028622', 1, '1'),
(220, 1, '0923974802', 'Gutierrez Gonzalez Jose Luis', '', '1028646', 1, '1'),
(221, 1, '1718686056', 'Cevallos Romero Paul Ernesto', '', '1028847', 1, '1'),
(222, 1, '1724370471', 'Rubio Jaramillo Pamela Nathali', '', '1028966', 1, '1'),
(223, 1, '0504310210', 'Segovia Gomez Michelle Estefania', '', '1029575', 1, '1'),
(224, 1, '1003150172', 'Suarez Vanegas Gabriela Sonia', '', '1029634', 1, '1'),
(225, 1, '0926388976', 'Caballero Zapata Wendy Narcisa', '', '1029637', 1, '1'),
(226, 1, '0930800156', 'Maldonado Rodriguez Alex Xavier', '', '1029638', 1, '1'),
(227, 1, '1721096384', 'Garzon Munoz Stefany Carolina', '', '1029711', 1, '1'),
(228, 1, '1713882114', 'Chango Teran German Francisco', '', '1029790', 1, '1'),
(229, 1, '1715218200', 'Jacome Sanchez Alex Paul', '', '1029809', 1, '1'),
(230, 1, '0104565866', 'Rubio Jimenez Juan Diego', '', '1029887', 1, '1'),
(231, 1, '1723341085', 'Garcia Sacan Ricardo David', '', '1030911', 1, '1'),
(232, 1, '1400593511', 'Pasquel Troya Jessica Viviana', '', '1031823', 1, '1'),
(233, 1, '1719155754', 'Chicaiza Garcia Giovanny Patricio', '', '1032116', 1, '1'),
(234, 1, '1712201381', 'Larreta Cisneros Maria Veronica', '', '1032478', 1, '1'),
(235, 1, '0930580519', 'Salinas Monroy Annie Katherine', '', '1034182', 1, '1'),
(236, 1, '0919188748', 'Gomez Cevallos Gabriel Ivan', '', '1034626', 1, '1'),
(237, 1, '1002587879', 'Perez Espinosa Nelly Rocio', '', '1035724', 1, '1'),
(238, 1, '1716217748', 'Hernandez Padilla Jose Miguel', '', '1036285', 1, '1'),
(239, 1, '1721644555', 'Erraes Jumbo Alex Geovanny', '', '1036598', 1, '1'),
(240, 1, '1714042544', 'Lopez Brito Cecilia Cristina', '', '1036936', 1, '1'),
(241, 1, '1721882163', 'Frutos Romero Maritza Andrea', '', '1037033', 1, '1'),
(242, 1, '1717732273', 'Endara Marin Luis Fernando', '', '1037687', 1, '1'),
(243, 1, '0105074827', 'Buestan Ramirez Christian Santiago', '', '1037881', 1, '1'),
(244, 1, '0926015892', 'Guerrero Criollo Jennifer Tatiana', '', '1038141', 1, '1'),
(245, 1, '0922320171', 'Sanchez Saltos Andres Daniel', '', '1038154', 1, '1'),
(246, 1, '0912382512', 'Tamayo Robles Shirley Zulay', '', '1038300', 1, '1'),
(247, 1, '1757957822', 'Mendez Lopez Karen Coromoto', '', '1038458', 1, '1'),
(248, 1, '1724576598', 'Cabrera Yepez Juan Gabriel', '', '1038575', 1, '1'),
(249, 1, '0401095872', 'Vasquez Aldas Fernando Guillermo', '', '1038585', 1, '1'),
(250, 1, '1758977183', 'Delgado Del Valle Edgardo Luis', '', '1038641', 1, '1'),
(251, 1, '1310775919', 'Olmedo Zambrano Javier Daniel', '', '1038703', 1, '1'),
(252, 1, '1724473887', 'Barba Ochoa David Fernando', '', '1038780', 1, '1'),
(253, 1, '1720443934', 'Ortiz Guachamin Byron Andres', '', '1038782', 1, '1'),
(254, 1, '1723567911', 'Estrella Tufino Caterine Fernanda', '', '1038787', 1, '1'),
(255, 1, '0941570012', 'Leon Tirado Alex Remigio', '', '1038958', 1, '1'),
(256, 1, '0941459265', 'Proaño Guevara Allison Adriana', '', '1039014', 1, '1'),
(257, 1, '1003231519', 'Reyes Guzman Jose Gabriel', '', '1039210', 1, '1'),
(258, 1, '0102242781', 'Segarra Vicuna Sonia Viviana', '', '1039509', 1, '1'),
(259, 1, '1716820095', 'Cevallos Atiencia Dario Ricardo', '', '1039638', 1, '1'),
(260, 1, '1719250969', 'Gordillo Chasipanta Lucia Catalina', '', '1040191', 1, '1'),
(261, 1, '1720698867', 'Revelo Paz Estalin Alberto', '', '1040855', 1, '1'),
(262, 1, '1311851933', 'Delgado Bermello Rolando Gregorio', '', '1041121', 1, '1'),
(263, 1, '1720876505', 'Reinoso Almeida Paul Alejandro', '', '1042908', 1, '1'),
(264, 1, '1719091660', 'Alvarez Sangines Edison Paul', '', '1042977', 1, '1'),
(265, 1, '1312819830', 'Cedeno Veliz Katherine Elena', '', '1043048', 1, '1'),
(266, 1, '1312494840', 'Govea Moreira Maria Lisseth', '', '1043050', 1, '1'),
(267, 1, '0931541239', 'Becerra Lucas Jose Alberto', '', '1043051', 1, '1'),
(268, 1, '1312852500', 'Cedeno Tumbaco Gema Beatriz', '', '1043052', 1, '1'),
(269, 1, '1311517096', 'Galarza Fernandez Leonardo Vicente', '', '1043053', 1, '1'),
(270, 1, '0703932624', 'Aguilar Cabrera Edison Jacinto', '', '1043269', 1, '1'),
(271, 1, '0921684130', 'Villalobos Cruz Francisco Antonio', '', '1044048', 1, '1'),
(272, 1, '1720675717', 'Sangoquiza Caiza Luis Antonio', '', '1044085', 1, '1'),
(273, 1, '1804415378', 'Ortiz Sanchez Roberto Vinicio', '', '1044087', 1, '1'),
(274, 1, '1716492200', 'Espinel Black Francisco David', '', '1044668', 1, '1'),
(275, 1, '0602771982', 'Velastegui Meneses Juan Patricio', '', '1046223', 1, '1'),
(276, 1, '1727361543', 'De La Vega Navarrete Josselyn Paola', '', '1046614', 1, '1'),
(277, 1, '1707019905', 'Parreno Pincay Luis Alfredo', '', '1049121', 1, '1'),
(278, 1, '0503957060', 'Sampedro Velez Jaime Gabriel', '', '1049159', 1, '1'),
(279, 1, '1722705090', 'Arevalo Celi Erika Estefania', '', '1049263', 1, '1'),
(280, 1, '1716796923', 'Vallejo Herrera Oscar Gabriel', '', '1049355', 1, '1'),
(281, 1, '1725291015', 'Villacis Hidalgo Kevin Abel', '', '1049448', 1, '1'),
(282, 1, '0401739776', 'Carlosama Yepez Wendy Maleny', '', '1049544', 1, '1'),
(283, 1, '1758731630', 'Gomez Caballero Miguel Alejandro', '', '1049596', 1, '1'),
(284, 1, '0922160155', 'Naranjo Saona Francisco Jose', '', '1050219', 1, '1'),
(285, 1, '0918268210', 'Dominguez Cruz Manuel Orlando', '', '1050289', 1, '1'),
(286, 1, '1717946899', 'Travez Nieto David Ramiro', '', '1050479', 1, '1'),
(287, 1, '1723408702', 'Paredes Morales Carla Domenica', '', '1050551', 1, '1'),
(288, 1, '1722463294', 'Almeida Sanchez Sulay Stefania', '', '1051164', 1, '1'),
(289, 1, '1713408985', 'Martinez Velastegui Jason Alexis', '', '1051329', 1, '1'),
(290, 1, '1716122005', 'Rodriguez Vinueza Jose Luis', '', '1051590', 1, '1'),
(291, 1, '0926278169', 'Machado Cevallos Katherine Vanessa', '', '1051592', 1, '1'),
(292, 1, '1717930893', 'Mejia Mesias Cesar Augusto', '', '1052009', 1, '1'),
(293, 1, '1724053903', 'Guerrero Valencia Carolina Estefania', '', '1052010', 1, '1'),
(294, 1, '1750803585', 'Guerrero Ayala Leidy Milena', '', '1052079', 1, '1'),
(295, 1, '1715895288', 'Santorum Najera Carla Jaione', '', '1052238', 1, '1'),
(296, 1, '1722315635', 'Gonzalez Romero Saida Pamela', '', '1052307', 1, '1'),
(297, 1, '0927804088', 'Nunez Del Arco Fajardo Dalia', '', '1052442', 1, '1'),
(298, 1, '1722862404', 'Estrella Bucheli Ana Isabel', '', '1052471', 1, '1'),
(299, 1, '1720072766', 'Guerra Pabon Diana Estefania', '', '1052590', 1, '1'),
(300, 1, '1715061741', 'Quelal Zumarraga Josue Israel', '', '1053207', 1, '1'),
(301, 1, '1723294086', 'Jara Solorzano Ramiro Leonardo', '', '1053234', 1, '1'),
(302, 1, '1723522932', 'Espinoza Arevalo Eduardo Sebastian', '', '1053243', 1, '1'),
(303, 1, '1718227604', 'Molina Colino Danielly', '', '1053521', 1, '1'),
(304, 1, '1717669731', 'Quilumba Siavichay Daysi Elizabeth', '', '1053554', 1, '1'),
(305, 1, '0104754445', 'Lopez Jaramillo Andres Salvatore', '', '1053709', 1, '1'),
(306, 1, '1714253828', 'Mendoza Osorio Edison Giovanny', '', '1053710', 1, '1'),
(307, 1, '0103280590', 'Mendez Carpio Adriana Fabiola', '', '1053800', 1, '1'),
(308, 1, '1804546297', 'Jacome Aguino Joao Sebastian', '', '1054294', 1, '1'),
(309, 1, '1715065254', 'Verdezoto Diaz Ana Valeria', '', '1054662', 1, '1'),
(310, 1, '0926037375', 'Carrera Lescano Ibsen Julissa', '', '1054897', 1, '1'),
(311, 1, '0401144639', 'Usina Chacon Patricio Rodolfo', '', '1054973', 1, '1'),
(312, 1, '1715061089', 'Aguirre Lozano Claudio Vinicio', '', '1055327', 1, '1'),
(313, 1, '1724627268', 'Espin Benalcazar Geomara Stefania', '', '1055389', 1, '1'),
(314, 1, '1721747788', 'Quintana Mencias Jefferson Andre', '', '1055419', 1, '1'),
(315, 1, '1714833561', 'Reinoso Cisneros Pablo Andres', '', '1055766', 1, '1'),
(316, 1, '1717092819', 'Perez Silva Hugo Paul', '', '1055794', 1, '1'),
(317, 1, '0927744730', 'Baquerizo Ortiz Maria de los angeles', '', '1055882', 1, '1'),
(318, 1, '1723481493', 'Soria Guerrero Willian Xavier', '', '1056332', 1, '1'),
(319, 1, '1314026632', 'Delgado Mero Ramon Rogelio', '', '1056354', 1, '1'),
(320, 1, '1719925917', 'Velasco Castaneda Alejandro', '', '1056466', 1, '1'),
(321, 1, '0923270631', 'Vega Alderete Styven Antonio', '', '1056675', 1, '1'),
(322, 1, '0928904788', 'Loor Pilay Diana Carolina', '', '1056688', 1, '1'),
(323, 1, '1718436270', 'Vinanzaca Timana Diana Natalia', '', '1056766', 1, '1'),
(324, 1, '0302445846', 'Campos Delgado Francisco Carlos', '', '1056799', 1, '1'),
(325, 1, '1720211760', 'Simbana Paillacho Danilo Javier', '', '1056813', 1, '1'),
(326, 1, '0950937367', 'Benites Barco Paula Elizabeth', '', '1056814', 1, '1'),
(327, 1, '1717422909', 'Martinez Calvopina Jorge Luis', '', '1056877', 1, '1'),
(328, 1, '1004481931', 'Rea Aguilar Ivan Alexander', '', '1057164', 1, '1'),
(329, 1, '1105025215', 'Navas Poma Maria Soledad', '', '1057166', 1, '1'),
(330, 1, '1726651944', 'Vasconez Mejia Diego Sebastian', '', '1057369', 1, '1'),
(331, 1, '1723253330', 'Reinoso Sulca Katherine Aracely', '', '1057915', 1, '1'),
(332, 1, '1758028540', 'Martinez Montes David Fernando', '', '1057999', 1, '1'),
(333, 1, '1723041172', 'Tipan Chulde Cristian Marcelo', '', '1058041', 1, '1'),
(334, 1, '1721406732', 'Cabrera Quinteros Byron Fernando', '', '1058051', 1, '1'),
(335, 1, '1725694788', 'Loachamin Herrera Mariela Lucia', '', '1058055', 1, '1'),
(336, 1, '1720125416', 'Rodriguez Sabando Karen Jobana', '', '1058866', 1, '1'),
(337, 1, '0925254864', 'Gordillo Lopez Rosa Catherine', '', '1059129', 1, '1'),
(338, 1, '1750378612', 'Rosero Guerron Walter Sebastian', '', '1059192', 1, '1'),
(339, 1, '0927653212', 'Martinez Pilay Larry Alexander', '', '1059431', 1, '1'),
(340, 1, '1719670141', 'Calvache Peralvo Johanna Lizeth', '', '1059566', 1, '1'),
(341, 1, '1754315198', 'Arboleda Seis Betty Morella', '', '1059577', 1, '1'),
(342, 1, '1722453253', 'Buendia Mora Leslye Estefania', '', '1059621', 1, '1'),
(343, 1, '1727587279', 'Sarauz Escobar Mateo Andres', '', '1060140', 1, '1'),
(344, 1, '1715816854', 'Naranjo Estrella Andres Marcelo', '', '1060150', 1, '1'),
(345, 1, '1206331314', 'Mieles Cedeno Cristhian Argenis', '', '1060239', 1, '1'),
(346, 1, '0916368020', 'Cardenas Sanchez Adriana Elizabeth', '', '1060260', 1, '1'),
(347, 1, '0105710255', 'Martinez Zhanay Ana Belen', '', '1060273', 1, '1'),
(348, 1, '1756224570', 'Rodriguez Moreno Emilio Jose', '', '1060431', 1, '1'),
(349, 1, '0604694224', 'Hidalgo Allauca Tania Lizbeth', '', '1060464', 1, '1'),
(350, 1, '1719736967', 'Lima Guamani Francisco Javier', '', '1060466', 1, '1'),
(351, 1, '1721100764', 'Recuenco Flores Elisa Veronica', '', '1060487', 1, '1'),
(352, 1, '1724750979', 'Freire Lasso July Lizbeth', '', '1060497', 1, '1'),
(353, 1, '1751246040', 'Rea Flores Diana Aracely', '', '1060498', 1, '1'),
(354, 1, '1803013356', 'LLerena Barona Rolan Wilfrido', '', '1060501', 1, '1'),
(355, 1, '1723510408', 'Purcachi Villamarin Francis Johanna', '', '1060536', 1, '1'),
(356, 1, '1723228662', 'Noboa Egas Juan Camilo', '', '1060537', 1, '1'),
(357, 1, '0401074091', 'Perez Martinez Dayane Cydalia', '', '1061255', 1, '1'),
(358, 1, '0102241361', 'Campos Velasco Jorge Eduardo', '', '1061271', 1, '1'),
(359, 1, '0201958337', 'Salazar Ramirez Diego Andres', '', '1061565', 1, '1'),
(360, 1, '1724867120', 'Betancourt Teran Elizabeth Carolina', '', '1061983', 1, '1'),
(361, 1, '0920014040', 'Illingworth Arias Ernesto Jose', '', '1062243', 1, '1'),
(362, 1, '1720403185', 'Vargas Martinez Madelyn Mishell', '', '1062378', 1, '1'),
(363, 1, '1719576397', 'Arcos Davila Maria Leonor', '', '1063559', 1, '1'),
(364, 1, '0103245601', 'Nieto Misle Jorge Ivan', '', '1063798', 1, '1'),
(365, 1, '0922561956', 'Pico Caicedo Gladys Carolina', '', '1063814', 1, '1'),
(366, 1, '1720217072', 'Nicolalde Maldonado Jacqueline Natalia', '', '1063859', 1, '1'),
(367, 1, '0925328551', 'Guillen Franco Eduardo Danilo', '', '1063863', 1, '1'),
(368, 1, '0922502919', 'Mallarino Sanchez Jean Carlo', '', '1063884', 1, '1'),
(369, 1, '0930350764', 'Castro Mora Vanessa Mariela', '', '1063886', 1, '1'),
(370, 1, '1716175888', 'Amores Heredia Andres Esteban', '', '1063889', 1, '1'),
(371, 1, '0926416199', 'Cabrera Cuzco Jorge Emilio', '', '1063919', 1, '1'),
(372, 1, '1724676927', 'Lechon Andrango Brayan Alexis', '', '1063955', 1, '1'),
(373, 1, '1723306096', 'Viscarra Flores Jhoselin Jacqueline', '', '1063958', 1, '1'),
(374, 1, '1003291349', 'Lalama Gomez Bernarda Maria', '', '1063968', 1, '1'),
(375, 1, '1724533490', 'Cifuentes Silva Tania Fernanda', '', '1064046', 1, '1'),
(376, 1, '1751692342', 'Villalba Mancero Sebastian Alexander', '', '1064169', 1, '1'),
(377, 1, '1724587744', 'Cadena Baldeon Teresa Alexandra', '', '1064177', 1, '1'),
(378, 1, '0704253996', 'Aguilar Aguilar Byron Fabricio', '', '1064182', 1, '1'),
(379, 1, '0927750661', 'Calderon Carrion Liliana Del Cisne', '', '1064187', 1, '1'),
(380, 1, '1715739312', 'Salguero Trujillo Inty Josue', '', '1064222', 1, '1'),
(381, 1, '1105136814', 'Banegas Ochoa Daniela Fernanda', '', '1064233', 1, '1'),
(382, 1, '1712777349', 'Reinoso Cajamarca Jaime Rene', '', '1064456', 1, '1'),
(383, 1, '0951960475', 'Arias Muentes Bryan Anthony', '', '1064593', 1, '1'),
(384, 1, '0962064077', 'Barreto Gil Oriana Carolina', '', '1064598', 1, '1'),
(385, 1, '1712629490', 'Torres Bohorquez Manuel Alejandro', '', '1064609', 1, '1'),
(386, 1, '1716561392', 'Jaramillo Paez Kevin Vinicio', '', '1065108', 1, '1'),
(387, 1, '1721885604', 'Almeida Delgado Lorena Alexandra', '', '1065170', 1, '1'),
(388, 1, '1718212499', 'Freire Rivera Kevin Fernando', '', '1065266', 1, '1'),
(389, 1, '0962124517', 'Espinoza Mendez Gabriel Alexander', '', '1065288', 1, '1'),
(390, 1, '0926341744', 'Zurita Munoz Enrique Javier', '', '1065316', 1, '1'),
(391, 1, '1711641421', 'Rodriguez Rivadeneira Natalia Yesenia', '', '1065378', 1, '1'),
(392, 1, '0930143631', 'Cabeza Chacon Ruben Ernesto', '', '1065379', 1, '1'),
(393, 1, '0803063387', 'Lalama Ramirez Joselyn Lissette', '', '1065502', 1, '1'),
(394, 1, '1713927331', 'Bastidas Flores Alexis David', '', '1065505', 1, '1'),
(395, 1, '1721323655', 'Quintana Paredes Eloisa Andreina', '', '1065511', 1, '1'),
(396, 1, '1712351269', 'Mantilla Medina Mario Eduardo', '', '1065545', 1, '1'),
(397, 1, '1720221546', 'Cumbicos Chuquimarca Marcia Victoria', '', '1065607', 1, '1'),
(398, 1, '1714823794', 'Pimentel LLerena Adriana Paola', '', '1065634', 1, '1'),
(399, 1, '0924416027', 'Cortaza Carpio Jorge Gregorio', '', '1066114', 1, '1'),
(400, 1, '1722042940', 'Jaramillo Espinosa Gustavo Giovanny', '', '1066246', 1, '1'),
(401, 1, '1727023770', 'Corella Vasco Samantha Melanie', '', '1066476', 1, '1'),
(402, 1, '1758284853', 'Hamana Falcon Jesus Manuel', '', '1066849', 1, '1'),
(403, 1, '0603463506', 'Cobos Maldonado Marllory Corina', '', '1067020', 1, '1'),
(404, 1, '1718175670', 'Mora Villacis Maria Gabriela', '', '1067136', 1, '1'),
(405, 1, '0601988868', 'Gallegos Rivera Paul Marcelo', '', '1067363', 1, '1'),
(406, 1, '1713079190', 'Ayala Martinez Jorge Alfredo', '', '1067828', 1, '1'),
(407, 1, '1719271791', 'Cueva Changoluisa Cristian Orlando', '', '1067874', 1, '1'),
(408, 1, '1003561782', 'Obando Acosta Bryan Omar', '', '1068024', 1, '1'),
(409, 1, '1724803174', 'Obando Alarcon Gloria Viviana', '', '1068055', 1, '1'),
(410, 1, '1761096518', 'Carrasco Nunez Francisco Jesus', '', '1068170', 1, '1'),
(411, 1, '1105162471', 'Trujillo Torres Tatiana Ivannova', '', '1068180', 1, '1'),
(412, 1, '1712460631', 'Penaherrera Espinosa Karina Vanessa', '', '1068264', 1, '1'),
(413, 1, '0603969874', 'Ortiz Jimenez Mayra Estefania', '', '1068445', 1, '1'),
(414, 1, '1002223665', 'Ruiz Andrade Pablo Anibal', '', '1068447', 1, '1'),
(415, 1, '1713339537', 'Rios Carrillo Luis Fernando', '', '1068451', 1, '1'),
(416, 1, '0924112659', 'Sanaicela Cruz Luis Napoleon', '', '1068490', 1, '1'),
(417, 1, '1722069042', 'Valencia Ramirez Jhonatan Rafael', '', '1068680', 1, '1'),
(418, 1, '1720993185', 'Munoz Puchi Erick Josue', '', '1068890', 1, '1'),
(419, 1, '0106541659', 'Perez Jimbo Edisson Santiago', '', '1068892', 1, '1'),
(420, 1, '0104857446', 'Armijos Gomez Maria Fernanda', '', '1068923', 1, '1'),
(421, 1, '0603423377', 'Morales Castillo Paul Fernando', '', '1069102', 1, '1'),
(422, 1, '1712096039', 'Sanchez Robayo Jorge Omar', '', '1069283', 1, '1'),
(423, 1, '1312806530', 'Cedeno Arteaga Juan Jose', '', '1070128', 1, '1'),
(424, 1, '0104999875', 'Morales Calle Jorge Israel', '', '1070169', 1, '1'),
(425, 1, '0104881701', 'Arpi Majia Diego Marcelo', '', '1070250', 1, '1'),
(426, 1, '0921897195', 'Garcia Davila Maria Fernanda', '', '1070711', 1, '1'),
(427, 1, '1104798424', 'Campoverde Munoz Maria Nathaly', '', '1070897', 1, '1'),
(428, 1, '0923226062', 'Alban Morales Cristian Luis', '', '1070942', 1, '1'),
(429, 1, '0920105731', 'Trujillo Cucalon Daniela Maria', '', '1070968', 1, '1'),
(430, 1, '1718123084', 'Sosa Vaca Ronny Alejandro', '', '1071233', 1, '1'),
(431, 1, '1723724637', 'Cifuentes Carranza Diana Carolina', '', '1071446', 1, '1'),
(432, 1, '1726014242', 'Perez Ruales Francisco Dennis', '', '1071458', 1, '1'),
(433, 1, '1726864752', 'Lizano Arias Ana Gabriela', '', '1071507', 1, '1'),
(434, 1, '1717414740', 'Naranjo Codena Maria Jose', '', '1071565', 1, '1'),
(435, 1, '1313177659', 'Lara Ortiz Deicy Lisseth', '', '1071576', 1, '1'),
(436, 1, '1724693757', 'Toscano Lucero Lisbeth Carolina', '', '1071608', 1, '1'),
(437, 1, '1716533284', 'Granda Vinueza Paola Elizabeth', '', '1071611', 1, '1'),
(438, 1, '1758574105', 'Contreras León Yohanny Yuliet', '', '1072299', 1, '1'),
(439, 1, '1725638116', 'Falcon Solorzano Joselyn Sthefannie', '', '1072303', 1, '1'),
(440, 1, '1716900731', 'Dominguez Pacheco David Esteban', '', '1072305', 1, '1'),
(441, 1, '1720509072', 'Rios Gomez Jose Benjamin', '', '1072309', 1, '1'),
(442, 1, '0105214506', 'Lucero Guerrero Alberto Salvador', '', '1072654', 1, '1'),
(443, 1, '1714641261', 'Lopez Molina Evelyn Adriana', '', '1072686', 1, '1'),
(444, 1, '1719936708', 'Ruiz Pacheco Felipe Marcelo', '', '1072703', 1, '1'),
(445, 1, '1715363733', 'Vinueza Lopez Wilma Cristina', '', '1072740', 1, '1'),
(446, 1, '1718720095', 'Benavides Muzo Karina Elizabeth', '', '1073023', 1, '1'),
(447, 1, '1722307467', 'Jacome Baez Erika Alexandra', '', '1073024', 1, '1'),
(448, 1, '1804624557', 'Caluna Tisalema Mauro Dario', '', '1073062', 1, '1'),
(449, 1, '1723431548', 'Rivadeneira Erazo Paola Adelaida', '', '1073065', 1, '1'),
(450, 1, '1717930307', 'Enriquez Jaramillo Fabian Esteban', '', '1073135', 1, '1'),
(451, 1, '1716682115', 'Contero Roman Bolivar Fernando', '', '1073258', 1, '1'),
(452, 1, '0802563254', 'Lien Benitez Wanjing Solange', '', '1073466', 1, '1'),
(453, 1, '0401732839', 'Pullas Aguilar Esteban Andres', '', '1073475', 1, '1'),
(454, 1, '1712998614', 'Ojeda Paz Maria Rosa', '', '1073655', 1, '1'),
(455, 1, '0103786901', 'Willches Aleman Juan Fernando', '', '1073659', 1, '1'),
(456, 1, '1721079950', 'Criollo Tupiza Luis Fernando', '', '1073665', 1, '1'),
(457, 1, '1316550357', 'Macias Zamora Melanie Yaneira', '', '1073666', 1, '1'),
(458, 1, '1804000162', 'Cando Chango Alex Roberto', '', '1073677', 1, '1'),
(459, 1, '1804529004', 'Jordan alvarez Patricio Javier', '', '1073933', 1, '1'),
(460, 1, '1719596031', 'Jordan Zamora Kerwin Israel', '', '1073974', 1, '1'),
(461, 1, '1313783399', 'Palma Palma Julio Gabriel', '', '1073985', 1, '1'),
(462, 1, '1720245909', 'López Carrión Diana Carolina', '', '1074207', 1, '1'),
(463, 1, '0802589705', 'Villalobos Garcia Karla Gabriela', '', '1074338', 1, '1'),
(464, 1, '1712414786', 'Lastra Cando Froilan Eduardo', '', '1074347', 1, '1'),
(465, 1, '1308895885', 'Zambrano De La Cruz Maria Fabiola', '', '1074422', 1, '1'),
(466, 1, '1104746092', 'Palacios Reyes Maria Gabriela', '', '1074423', 1, '1'),
(467, 1, '1711681237', 'Lamina Lamina Mauricio Fernando', '', '1074424', 1, '1'),
(468, 1, '1713639639', 'Amari Mendez Klever Antonio', '', '1074489', 1, '1'),
(469, 1, '1722054127', 'Recalde Carbo Alisson Soraya', '', '1074975', 1, '1'),
(470, 1, '1714065545', 'Noboa Munoz Edison Fernando', '', '1074991', 1, '1'),
(471, 1, '1717217523', 'Verduga Mejia Bexi Bernarda', '', '1074999', 1, '1'),
(472, 1, '0704508290', 'Cruz Ledesma Diana Carolina', '', '1075041', 1, '1'),
(473, 1, '1102910666', 'Jimenez Abad Diego Mauricio', '', '1075059', 1, '1'),
(474, 1, '1717642977', 'Palacios Egas Karla Katerine', '', '1075148', 1, '1'),
(475, 1, '1715852537', 'Tituana Sosa Sebastian Salomon', '', '1075504', 1, '1'),
(476, 1, '1721122537', 'Bolanos Obando Pablo Cesar', '', '2704', 1, '1'),
(477, 1, '1308016508', 'Cedeno Cedeno Rina Verenice', '', '2707', 1, '1'),
(478, 1, '0918051947', 'Osorio Morales Victor Manuel', '', '2716', 1, '1'),
(479, 1, '0923389688', 'Aldas Romero Ginger Katherine', '', '2722', 1, '1'),
(480, 1, '0602932964', 'Flores Valle Diego Mauricio', '', '2725', 1, '1'),
(481, 1, '1712083805', 'Villacis Zambrano Jose Fernando', '', '2726', 1, '1'),
(482, 1, '1802409373', 'Villacreses Moreno Juan Pablo', '', '2747', 1, '1'),
(483, 1, '1710007095', 'Romero Correa Harry Daniel', '', '2759', 1, '1'),
(484, 1, '1714940937', 'De la Vega Maldonado Monica Ximena', '', '2787', 1, '1'),
(485, 1, '1713784666', 'Cordova Tinta Marcelo Patricio', '', '2791', 1, '1'),
(486, 1, '0910620343', 'Baquerizo Suraty Manuel Fernando', '', '2792', 1, '1'),
(487, 1, '1719406298', 'Vicente Camacho Alicia Maria', '', '2800', 1, '1'),
(488, 1, '1720165313', 'Acosta Fierro Alejandro Gibran', '', '2804', 1, '1'),
(489, 1, '0401113048', 'Ramos Fuertes Edgar Paul', '', '2828', 1, '1'),
(490, 1, '1804164554', 'Nunez Ruiz Rommel Israel', '', '2835', 1, '1'),
(491, 1, '1707373567', 'Bravo Sanchez Ivan Daniel', '', '2840', 1, '1'),
(492, 1, '1803746153', 'Basantes Villegas Francisco Alonso', '', '2843', 1, '1'),
(493, 1, '1711001873', 'Krovina Rueda Santiago', '', '2859', 1, '1'),
(494, 1, '1711685337', 'Jaramillo Albuja Ricardo David', '', '2867', 1, '1'),
(495, 1, '1719651323', 'Tenorio Munoz Juan Sebastian', '', '2868', 1, '1'),
(496, 1, '1709008039', 'Cahuasqui Vela Janina Alexandra', '', '2870', 1, '1'),
(497, 1, '1712442662', 'Granja Requelme Eduardo Reinaldo', '', '2871', 1, '1'),
(498, 1, '1717705444', 'Jacome Cali Teresa Lizeth', '', '2893', 1, '1'),
(499, 1, '1719022509', 'Carrasco Solano Geovanna Alexandra', '', '2894', 1, '1'),
(500, 1, '1715469381', 'Ramirez Chavez Claudia Isabel', '', '2899', 1, '1'),
(501, 1, '0924426588', 'Loor Perez Juan Jose', '', '2909', 1, '1'),
(502, 1, '1714630686', 'Cordovez Leon Ana Lucia', '', '2694', 1, '1'),
(503, 1, '0914774799', 'Luque Herrera Carlos Francisco', '', '2717', 1, '1'),
(504, 1, '1717090557', 'Castillo Pazmino Juan Francisco', '', '2724', 1, '1'),
(505, 1, '1002324133', 'Munoz Del Castillo Orlando Jose', '', '2740', 1, '1'),
(506, 1, '1714577416', 'Latorre Almeida David Andres', '', '2760', 1, '1'),
(507, 1, '1717055253', 'Pasquel Jara Andres Paul', '', '2761', 1, '1'),
(508, 1, '1719887117', 'Cordero Nasevilla Johanna Cristina', '', '2858', 1, '1'),
(509, 1, '0924827934', 'Garcia Acuna Liuva Tamara', '', '2904', 1, '1'),
(510, 1, '1714650700', 'Davila Montenegro Paola Margarita', '', '2911', 1, '1'),
(511, 1, '1715126684', 'Cartagena Hidalgo Eduardo Gustavo', '', '2912', 1, '1'),
(512, 1, '1715855753', 'Parra Encalada Mariuxi Elizabeth', '', '2298', 1, '1'),
(513, 1, '1714501408', 'Urquizo Sola Christian Fernando', '', '2302', 1, '1'),
(514, 1, '1803084753', 'Batioja Caicedo Jorge Fabian', '', '2304', 1, '1'),
(515, 1, '1200633012', 'Plaza Mora Miguel Arturo', '', '2321', 1, '1'),
(516, 1, '1716729536', 'Bautista Robalino Wilson Xavier', '', '2327', 1, '1'),
(517, 1, '1710845239', 'De la Cadena Camargo Andres Mateo', '', '2331', 1, '1'),
(518, 1, '1718313214', 'Gaibor Verdezoto Adriana Elizabeth', '', '2334', 1, '1'),
(519, 1, '1719634311', 'Moya Jimenez Mayra Alejandra', '', '2342', 1, '1'),
(520, 1, '1717209066', 'Narvaez Vera Rolando Javier', '', '2344', 1, '1'),
(521, 1, '1709395980', 'Orrego Brito Alvaro Enrique', '', '2345', 1, '1'),
(522, 1, '0603176249', 'Erazo Rios Edison Ruben', '', '2380', 1, '1'),
(523, 1, '1310902562', 'Moreira Ponce Cinthia Monserrate', '', '2381', 1, '1'),
(524, 1, '1711396695', 'Rios Chamorro Angel Roberto', '', '2394', 1, '1'),
(525, 1, '0927175968', 'Escalante Navarro Leticia', '', '2407', 1, '1'),
(526, 1, '1720232469', 'Cobo Martinez Cynthia Estefania', '', '2419', 1, '1'),
(527, 1, '1714370325', 'Mejia Navarrerte Hugo Roberto', '', '2420', 1, '1'),
(528, 1, '0401143573', 'Laguna Bustos Richard Alfredo', '', '2422', 1, '1'),
(529, 1, '1715417927', 'Ruiz Calderon Maria Fernanda', '', '2435', 1, '1'),
(530, 1, '1714764923', 'Espin Ceron Johanna Catalina', '', '2440', 1, '1'),
(531, 1, '0913164943', 'Quineche Villon Sussan Paula', '', '2474', 1, '1'),
(532, 1, '1717538506', 'Landeta Sandoval Carmen Alexandra', '', '2491', 1, '1'),
(533, 1, '1719138156', 'Vera Trujillo Daniel Alejandro', '', '2493', 1, '1'),
(534, 1, '1708589302', 'Aulestia Cevallos Jimmy Rene', '', '2502', 1, '1'),
(535, 1, '1716608094', 'Castillo Barreto Rodrigo Andres', '', '2518', 1, '1'),
(536, 1, '1716201544', 'Infante Tierra Juan Carlos', '', '2519', 1, '1'),
(537, 1, '1715188239', 'Llumiquinga Logacho Freddy Gonzalo', '', '2523', 1, '1'),
(538, 1, '0103544102', 'Jara Juarez Diego Xavier', '', '2535', 1, '1'),
(539, 1, '1714673538', 'Meneses Jativa Francisco Xavier', '', '2539', 1, '1'),
(540, 1, '1714045174', 'Benavides Luzcando Diana Gabriela', '', '2545', 1, '1'),
(541, 1, '1715480081', 'Carvajal Reinoso Maria Fernanda', '', '2547', 1, '1'),
(542, 1, '0922605829', 'Ramirez Penafiel Gennyfer Ivonne', '', '2550', 1, '1'),
(543, 1, '1716450158', 'Recalde Suarez Daniel Leonardo', '', '2561', 1, '1'),
(544, 1, '1754362901', 'Ederer  Leonardo Ariel', '', '2564', 1, '1'),
(545, 1, '0401133574', 'Burbano Yepez Karola Consuelo', '', '2572', 1, '1'),
(546, 1, '1716894066', 'Suarez Gonzalez Christian Giovanny', '', '2575', 1, '1'),
(547, 1, '0917854564', 'Cruz Granja Ronny Omar', '', '2579', 1, '1'),
(548, 1, '1711956571', 'Herrera Pazmino Silvio Paul', '', '2597', 1, '1'),
(549, 1, '0602991531', 'Silva Jara Santiago Alfonso', '', '2607', 1, '1'),
(550, 1, '1754159117', 'Suarez Napolitano Gerardo Martin', '', '2610', 1, '1'),
(551, 1, '1711374247', 'Lopez Quiroz Vinicio Javier', '', '2639', 1, '1'),
(552, 1, '0703738633', 'Ruilova Maldonado Valeria Emperatriz', '', '2641', 1, '1'),
(553, 1, '1803733508', 'Ruiz Galarza Paul Cesar', '', '2649', 1, '1'),
(554, 1, '1716974975', 'Santacruz Paz David Vladimir', '', '2669', 1, '1'),
(555, 1, '1308917812', 'Intriago Zambrano Yandri Daniel', '', '2670', 1, '1'),
(556, 1, '0502778525', 'Mino Verdesoto Jose Guillermo', '', '1899', 1, '1'),
(557, 1, '0919851899', 'Sanchez Chevez Erika Celeste', '', '1908', 1, '1'),
(558, 1, '0602898124', 'Guerra Marquez Hernan Santiago', '', '1923', 1, '1'),
(559, 1, '1710625433', 'Salazar Morales Roberto Alejandro', '', '1927', 1, '1'),
(560, 1, '1802994077', 'Gaibor Flor Maribel Odile', '', '1930', 1, '1'),
(561, 1, '1714065115', 'Garcia Ron Adriana Carolina', '', '1932', 1, '1'),
(562, 1, '1710532779', 'Freire Araujo Alex Armando', '', '1938', 1, '1'),
(563, 1, '1712788197', 'Salazar Espinoza Libia Vanessa', '', '1947', 1, '1'),
(564, 1, '0104268834', 'Escandon Cobos Juan Carlos', '', '1949', 1, '1'),
(565, 1, '1713005443', 'Espinosa Villarreal Mauro Gonzalo', '', '1950', 1, '1'),
(566, 1, '1714881198', 'Ascazubi Bohorquez Paola Cristina', '', '1953', 1, '1'),
(567, 1, '1714642376', 'Padilla Najera Alfonso Giusseppe', '', '1957', 1, '1'),
(568, 1, '1712212818', 'Balanzategui Egas Anita Lucia', '', '1970', 1, '1'),
(569, 1, '1716841539', 'Moreano Padilla David Eduardo', '', '1972', 1, '1'),
(570, 1, '0602151532', 'Oleas Castelo Juan Carlos', '', '1983', 1, '1'),
(571, 1, '0502369283', 'Herrera Cardenas Byron Xavier', '', '1990', 1, '1'),
(572, 1, '0501675938', 'Amores Gutierrez Marlon Yesid', '', '1991', 1, '1'),
(573, 1, '1710904606', 'Lopez Tamayo Cristian Mauricio', '', '1992', 1, '1'),
(574, 1, '1716118995', 'Cabrera Fajardo Fernando Javier', '', '2000', 1, '1'),
(575, 1, '1202958623', 'Valverde Gonzalez Angel Enrique', '', '2004', 1, '1'),
(576, 1, '1711344380', 'Andrade Cedeno Henrry Guillemo', '', '2006', 1, '1'),
(577, 1, '1707314405', 'Yela Rivera Luis Gerardo', '', '2010', 1, '1'),
(578, 1, '1712610193', 'Camino Jaramillo Daniel Marcelo', '', '2014', 1, '1'),
(579, 1, '1706359237', 'Barsallo Montano Hernan Oswaldo', '', '2017', 1, '1'),
(580, 1, '1716060155', 'Caisapanta Falcon Mauricio Oswaldo', '', '2021', 1, '1'),
(581, 1, '1709253601', 'Castellanos Vega Jorge Fernando', '', '2035', 1, '1'),
(582, 1, '0602935975', 'Rivadeneira Nunez Carlos Patricio', '', '2036', 1, '1'),
(583, 1, '0703116079', 'Rivera Pesantes Galo Esteban', '', '2038', 1, '1'),
(584, 1, '1719326983', 'Guzman Tapia Franklin Eduardo', '', '2040', 1, '1'),
(585, 1, '1600376337', 'Rodriguez Ulcuango Edison Geovanny', '', '2042', 1, '1'),
(586, 1, '0916437965', 'Espinoza Salas Daniel Fernando', '', '2046', 1, '1'),
(587, 1, '1709207953', 'Reyes Mora Carlos Ivan', '', '2056', 1, '1'),
(588, 1, '0201112653', 'Ribadeneira Sanchez Elvia Corina', '', '2059', 1, '1'),
(589, 1, '0401013933', 'Revelo Hernandez Veronica Elizabeth', '', '2063', 1, '1'),
(590, 1, '0916352503', 'Larrea Yanez Mauro Fernando', '', '2070', 1, '1'),
(591, 1, '1715000483', 'Espinel Espin Marcos Patricio', '', '2075', 1, '1'),
(592, 1, '1717315103', 'De la Torre Ontaneda Juan Carlos', '', '2086', 1, '1'),
(593, 1, '1716510571', 'Diaz Perez Maria Jose', '', '2087', 1, '1'),
(594, 1, '0919917096', 'Santistevan Uvilla Fanny Teresa', '', '2093', 1, '1'),
(595, 1, '0917559338', 'Suarez Rodriguez Fausto Ricardo', '', '2098', 1, '1'),
(596, 1, '0924764574', 'Zuniga Bustos Yanina Lissette', '', '2100', 1, '1'),
(597, 1, '1715031397', 'Morales Jimenez Yesena Veronica', '', '2115', 1, '1'),
(598, 1, '1715361588', 'Lascano Bonilla Mario Francisco', '', '2118', 1, '1'),
(599, 1, '0401401310', 'Cadena Vasconez Karina Fernanda', '', '2122', 1, '1'),
(600, 1, '0103091740', 'Mazza Mogrovejo Ivan', '', '2125', 1, '1'),
(601, 1, '0104435045', 'Zhindon Aguilera Elizabeth Lucia', '', '2127', 1, '1'),
(602, 1, '1712991379', 'Escobar Castelo Ricardo Paul', '', '2135', 1, '1'),
(603, 1, '1713125084', 'Estrella Cruz Victor Patricio', '', '2136', 1, '1'),
(604, 1, '1712649621', 'Fonseca Gordillo Francisco Javier', '', '2137', 1, '1'),
(605, 1, '1718044850', 'Ontaneda Verdezoto Geoconda Karina', '', '2146', 1, '1'),
(606, 1, '1714333158', 'Reyes Velastegui Lucy Alexandra', '', '2152', 1, '1'),
(607, 1, '1712491792', 'Sosa Alvarado Jaime Vinicio', '', '2154', 1, '1'),
(608, 1, '1716628803', 'Delgado Sifaz Nancy Mireya', '', '2163', 1, '1'),
(609, 1, '1711780583', 'Asqui Quillupangui Yesenia Amparo', '', '2167', 1, '1'),
(610, 1, '1712875481', 'Guzman Perugachi Karla Paulina', '', '2169', 1, '1'),
(611, 1, '1717990145', 'Vallejo Zambrano Vilma Rosario', '', '2174', 1, '1'),
(612, 1, '1716339153', 'Camacho Amores Christian Eduardo', '', '2176', 1, '1'),
(613, 1, '1713554291', 'Castillo Jaramillo Silvana de las Mercedes', '', '2178', 1, '1'),
(614, 1, '0502324171', 'Escobar Parra Ana Gabriela', '', '2186', 1, '1'),
(615, 1, '1712602992', 'Arias Jara Edison Enrique', '', '2192', 1, '1'),
(616, 1, '1709553851', 'Navarrete Mora Alex Santiago', '', '2196', 1, '1'),
(617, 1, '1712017787', 'Neira Cevallos Christian Augusto', '', '2211', 1, '1'),
(618, 1, '1708757016', 'Montufar Lalama Carlos Javier', '', '2212', 1, '1'),
(619, 1, '1715919351', 'Rivera Vega Geovanny Francisco', '', '2217', 1, '1'),
(620, 1, '1714854427', 'Espin Carrillo Raul Humberto', '', '2224', 1, '1'),
(621, 1, '1707103717', 'Serrano Cevallos Cristian', '', '2227', 1, '1'),
(622, 1, '1717528465', 'Nunez Suarez Gabriela Fernanda', '', '2231', 1, '1'),
(623, 1, '1712494309', 'Estevez Moreira Jose Luis', '', '2234', 1, '1'),
(624, 1, '1718126913', 'Rodriguez Reina Carla Gabriela', '', '2245', 1, '1'),
(625, 1, '1710370311', 'Arregui Arregui Juan Fernando', '', '2246', 1, '1'),
(626, 1, '1713039087', 'Chamorro Medina Ximena Del Carmen', '', '2251', 1, '1'),
(627, 1, '0703263053', 'Quezada Jara Johann Eduardo', '', '2271', 1, '1'),
(628, 1, '1713597787', 'Ronquillo Parra Luis Humberto', '', '2272', 1, '1'),
(629, 1, '1711402436', 'Diaz Hidalgo Jose Alfredo', '', '2284', 1, '1'),
(630, 1, '1002838694', 'Contreras Vasquez Ambar Estefania', '', '2289', 1, '1'),
(631, 1, '1718346131', 'Ordonez Reyna Vanessa Evelyn', '', '2295', 1, '1'),
(632, 1, '1704432648', 'Calderon Ledesma Diego Fernando', '', '1499', 1, '1'),
(633, 1, '1710108752', 'Almeida Salazar Carlos Gabriel', '', '1502', 1, '1'),
(634, 1, '1710895515', 'Romero Moreira Jorge Marcelo', '', '1506', 1, '1'),
(635, 1, '0101901601', 'Ordonez Castro Hernan Gustavo', '', '1508', 1, '1'),
(636, 1, '1710436591', 'Reinoso Cifuentes Andres Danilo', '', '1513', 1, '1'),
(637, 1, '1706550371', 'Guerra Duran Pablo Xavier', '', '1535', 1, '1'),
(638, 1, '1713699518', 'Ramirez Guerrero Susana Elizabeth', '', '1536', 1, '1'),
(639, 1, '1712618899', 'Viteri Proano Ivan Alexander', '', '1541', 1, '1'),
(640, 1, '0911295608', 'Lema Lopez Edgar Reinaldo', '', '1571', 1, '1'),
(641, 1, '1308250008', 'Andrade Vergara Kenya Viviana', '', '1572', 1, '1'),
(642, 1, '1711605988', 'Lopez Jimenez Mercedes Anita', '', '1573', 1, '1'),
(643, 1, '1719056358', 'Jaramillo Gonzalez Monica Del Pilar', '', '1575', 1, '1'),
(644, 1, '0801629767', 'Estupinan Jimenez Veronica Graciela', '', '1577', 1, '1'),
(645, 1, '1716553142', 'Herrera Maldonado Eduardo David', '', '1584', 1, '1'),
(646, 1, '1001999109', 'Cadena Narvaez Edmundo Javier', '', '1589', 1, '1'),
(647, 1, '1715309462', 'Jalil Albornoz Martha Leonor', '', '1598', 1, '1'),
(648, 1, '1714258777', 'Fierro Auz Andrea Karina', '', '1604', 1, '1');
INSERT INTO `clientes` (`id`, `empId`, `cedula`, `nombre`, `direccion`, `centro_costos`, `consumos`, `estado`) VALUES
(649, 1, '1716131394', 'Acosta Lopez Gabriela Soledad', '', '1616', 1, '1'),
(650, 1, '1716397797', 'Villavicencio Landazuri Santiago', '', '1617', 1, '1'),
(651, 1, '1716419898', 'Viteri Arias Christian David', '', '1623', 1, '1'),
(652, 1, '1716156888', 'Tuquerres Granja Maria Gabriela', '', '1629', 1, '1'),
(653, 1, '1712332855', 'Basantes Arguello Jose Ramiro', '', '1632', 1, '1'),
(654, 1, '0501587885', 'Mino Mino Ernesto Alejandro', '', '1637', 1, '1'),
(655, 1, '1711156594', 'Bedon Rodriguez Jairo Fabrisio', '', '1654', 1, '1'),
(656, 1, '0103334561', 'Tufino Peralta Cristina Paola', '', '1659', 1, '1'),
(657, 1, '1712964418', 'Guzman Garzon Martha Elizabeth', '', '1662', 1, '1'),
(658, 1, '1713151080', 'Llerena Guerrero Maria Dolores', '', '1665', 1, '1'),
(659, 1, '1713848776', 'Chuqui Chicaiza Washington Leonardo', '', '1670', 1, '1'),
(660, 1, '1711651503', 'Moreno Rivadeneria Christian Eduardo', '', '1676', 1, '1'),
(661, 1, '1001905932', 'Ortiz Recalde Robert Xavier', '', '1681', 1, '1'),
(662, 1, '1706461512', 'Angueta Ramirez Cristian Hernan', '', '1687', 1, '1'),
(663, 1, '1600346413', 'Guato Torres Jose Amable', '', '1689', 1, '1'),
(664, 1, '0102117009', 'Cordova Jerves Freddy Santiago', '', '1703', 1, '1'),
(665, 1, '0906602180', 'Ponce Diaz Henry Richard', '', '1704', 1, '1'),
(666, 1, '1001927316', 'Suarez Quinteros Wilson Vicente', '', '1707', 1, '1'),
(667, 1, '0102605359', 'Cobos Caceres Andrea Dayanara', '', '1714', 1, '1'),
(668, 1, '1716399439', 'Caicedo Mendez Karen Janneth', '', '1715', 1, '1'),
(669, 1, '1712444486', 'Galindo Hidalgo Wilson Javier', '', '1731', 1, '1'),
(670, 1, '1710885508', 'Gomez Ramirez Darwin Fabian', '', '1739', 1, '1'),
(671, 1, '1712204773', 'Maya Davila Carlos Fernando', '', '1745', 1, '1'),
(672, 1, '1707379358', 'Armijos LLerena William Francisco', '', '1746', 1, '1'),
(673, 1, '1704356896', 'Bastidas Coello Franz Viterbo', '', '1751', 1, '1'),
(674, 1, '1712633575', 'Rodriguez Avila Maria Fernanda', '', '1755', 1, '1'),
(675, 1, '0917236192', 'Diez Estelche Almudena', '', '1757', 1, '1'),
(676, 1, '1708235898', 'Reinoso Jacome William Fernando', '', '1762', 1, '1'),
(677, 1, '1714417050', 'Hinojosa Alvear Jaime Gustavo', '', '1766', 1, '1'),
(678, 1, '1714910104', 'Loaiza Lopez Juan Francisco', '', '1769', 1, '1'),
(679, 1, '1711604163', 'Pailiacho Achig Sandra Elizabeth', '', '1772', 1, '1'),
(680, 1, '0920518701', 'Zambrano Lara Luis Xavier', '', '1777', 1, '1'),
(681, 1, '1802407195', 'Llerena Llerena Henry Fernando', '', '1779', 1, '1'),
(682, 1, '1715576177', 'Vidal Espana Hugo Alejandro', '', '1787', 1, '1'),
(683, 1, '1712983731', 'Valladares Ponce Marco Antonio', '', '1811', 1, '1'),
(684, 1, '1715227599', 'Revelo Troya Elena Raquel', '', '1835', 1, '1'),
(685, 1, '1708283286', 'Zurita Manosalvas Karla Paola', '', '1841', 1, '1'),
(686, 1, '1710993070', 'Alban Mogollon Patricia Cristina', '', '1885', 1, '1'),
(687, 1, '1715859706', 'Herrera Arguello Xavier Fernando', '', '1891', 1, '1'),
(688, 1, '1714726088', 'Ramirez Egas Carla Alexandra', '', '1894', 1, '1'),
(689, 1, '0908647035', 'Marcet Alvarez Maria Lorena', '', '1109', 1, '1'),
(690, 1, '0916978950', 'Ugalde Villacres Luis Alfonso', '', '1118', 1, '1'),
(691, 1, '1705055687', 'Hernandez Villacis Teresa Guadalupe', '', '1120', 1, '1'),
(692, 1, '1712798907', 'Salazar Eldredge Maria Belen', '', '1144', 1, '1'),
(693, 1, '1304626524', 'Bravo Ferrin Maria Lorena', '', '1145', 1, '1'),
(694, 1, '1711009223', 'Amores Heredia Rafael German', '', '1174', 1, '1'),
(695, 1, '0916645815', 'Veloz Vaca Veronica Beatriz', '', '1179', 1, '1'),
(696, 1, '0914609045', 'Candel Pazmino Monica Andrea', '', '1189', 1, '1'),
(697, 1, '0501706774', 'Egas Velasco Blanca Isabel', '', '1197', 1, '1'),
(698, 1, '1709507022', 'Salazar Estevez Eddna Soraya', '', '1217', 1, '1'),
(699, 1, '0102184074', 'Coronel Salamea Diego Fernando', '', '1242', 1, '1'),
(700, 1, '0912473600', 'Gonzalez Cardenas Danilo Francisco', '', '1273', 1, '1'),
(701, 1, '0915093785', 'Chumo Delgado Luis Fernando', '', '1283', 1, '1'),
(702, 1, '0102000189', 'Vintimilla Cuesta Maria Jose', '', '1290', 1, '1'),
(703, 1, '1707878771', 'Fernandez Chamorro Maria Sol', '', '1330', 1, '1'),
(704, 1, '1712714268', 'Delgado Galarza Silvia Macarena', '', '1366', 1, '1'),
(705, 1, '0917302242', 'Flores Pastor Rafael Andres', '', '1391', 1, '1'),
(706, 1, '1712237112', 'Reinoso Moreno Diego Paul', '', '1447', 1, '1'),
(707, 1, '1722326392', 'Caballero Soria Jesus', '', '1479', 1, '1'),
(708, 1, '1710016229', 'Trevino Santamaria Edgar Oswaldo', '', '704', 1, '1'),
(709, 1, '1711067056', 'Cifuentes Moreno Mercedes Elisa', '', '768', 1, '1'),
(710, 1, '1705304671', 'Alban Bonastre Alonso Rodrigo', '', '769', 1, '1'),
(711, 1, '1802460392', 'Tamayo Clavijo Carlos Alberto', '', '830', 1, '1'),
(712, 1, '0602544330', 'Arteaga Paspuel Rolando Iskandar', '', '843', 1, '1'),
(713, 1, '0911582195', 'Corozo Madrid Baldomero Francisco', '', '861', 1, '1'),
(714, 1, '0914310727', 'Lopez Valero Alex Enrique', '', '862', 1, '1'),
(715, 1, '1705660718', 'Donoso Echanique Andres Francisco', '', '944', 1, '1'),
(716, 1, '1709332181', 'Sanchez Cartagena Patricio Javier', '', '1044', 1, '1'),
(717, 1, '0914314158', 'Onate Huayamabe Camilo Enrique', '', '1053', 1, '1'),
(718, 1, '1400410872', 'Leon Moncayo Mayra Virginia', '', '1078', 1, '1'),
(719, 1, '1708091721', 'Villacis Cardenas Veronica del Consuelo', '', '169', 1, '1'),
(720, 1, '1711850188', 'Yaguarcota Chanaluisa Marco Eduardo', '', '275', 1, '1'),
(721, 1, '1713041562', 'Herrera Jacome Guillermo Alberto', '', '288', 1, '1'),
(722, 1, '0911304699', 'Robelly Cabrera Tomas Vicente', '', '364', 1, '1'),
(723, 1, '1711499614', 'Leon Alvarez Mirka Lorena', '', '411', 1, '1'),
(724, 1, '0501486625', 'Albarracin Gomez Elena Patricia', '', '466', 1, '1'),
(725, 1, '1600280000', 'Cuzme Andrade Danny Jonathan', '', '472', 1, '1'),
(726, 1, '1708715857', 'Mantilla Herrera Marco Antonio', '', '474', 1, '1'),
(727, 1, '0909567315', 'Vargas Cuero Eduardo Alberto', '', '494', 1, '1'),
(728, 1, '1708525140', 'Flores Cardoso Juan Francisco', '', '499', 1, '1'),
(729, 1, '0916514110', 'Valencia Ugalde Mildred Paola', '', '538', 1, '1'),
(730, 1, '1709074700', 'Paz y Mino Vela Santiago Manuel', '', '556', 1, '1'),
(731, 1, '0914766217', 'Alvarado Mendoza Felix Alfredo', '', '583', 1, '1'),
(732, 1, '0501632467', 'Brazales Herrera Hugo Alfredo', '', '591', 1, '1'),
(733, 1, '0915465637', 'Poveda Zambrano Xavier Enrique', '', '602', 1, '1'),
(734, 1, '1310672835', 'Pulido Andrade Jimmy Tobias', '', '2091', 1, '1'),
(735, 1, '1309375127', 'Bowen Brito Karina Mercedes', '', '2314', 1, '1'),
(736, 1, '0918973264', 'Pincay Vera Heidee Nubia', '', '864', 1, '1'),
(737, 1, '0915532071', 'Camposano Figueroa Daniel Alejandro', '', '1907', 1, '1'),
(738, 1, '1803123577', 'Viteri Bustillos Maria Teresa', '', '2203', 1, '1'),
(739, 1, '1718416769', 'Sagnay Guapi David Efrain', '', '2918', 1, '1'),
(740, 1, '1803599032', 'Lopez Castro Johnny Santiago', '', '2922', 1, '1'),
(741, 1, '0921151692', 'Macancela Torres Jorge Alberto', '', '2937', 1, '1'),
(742, 1, '0917967754', 'Torres Gillade Hugo Ernesto', '', '2946', 1, '1'),
(743, 1, '1309747416', 'Granda Fajardo Carla Andrea', '', '2915', 1, '1'),
(744, 1, '1714046099', 'Lema Ordonez Ramiro Fabricio', '', '2962', 1, '1'),
(745, 1, '1721115820', 'Tupiza Villa Patricio', '', '2964', 1, '1'),
(746, 1, '0704656230', 'Borbor Precilla William Alberto', '', '2983', 1, '1'),
(747, 1, '0914743208', 'Negron Toscano Maria Elena', '', '2975', 1, '1'),
(748, 1, '0916542533', 'Vera Regalado Jaime Andres', '', '2977', 1, '1'),
(749, 1, '1103829576', 'Carrion Leon Geovanny Bolivar', '', '2997', 1, '1'),
(750, 1, '1717054769', 'Andagoya Coyago Henry Oswaldo', '', '2996', 1, '1'),
(751, 1, '1714000930', 'Castillo Changuan Carlos Gustavo', '', '177641', 1, '1'),
(752, 1, '1716021546', 'Quijia Quezada Miguel Angel', '', '177893', 1, '1'),
(753, 1, '1714152426', 'Albornoz Garces Mauricio Xavier', '', '178320', 1, '1'),
(754, 1, '1711723450', 'Perez Vega Hector Ramiro', '', '178324', 1, '1'),
(755, 1, '1312129602', 'Regalado Segovia Juan Wilthon', '', '179051', 1, '1'),
(756, 1, '1726464074', 'Turin Ortiz Carolina del Valle', '', '179879', 1, '1'),
(757, 1, '1716945868', 'Ponce Lara Victoria Leonor', '', '180205', 1, '1'),
(758, 1, '1718543588', 'Cevallos Venegas Daicy Alexandra', '', '180316', 1, '1'),
(759, 1, '1710485671', 'Erazo Fierro Sandra Iliana', '', '181304', 1, '1'),
(760, 1, '1721077178', 'Saa Nieto Karina Elizabeth', '', '181913', 1, '1'),
(761, 1, '1716283286', 'Saenz De la Torre Melvin Rodolfo', '', '182239', 1, '1'),
(762, 1, '1715214928', 'Flores Encalada Eliana Carolina', '', '182497', 1, '1'),
(763, 1, '0703907972', 'Gonzabay Aguirre Javier Andres', '', '183798', 1, '1'),
(764, 1, '1716305071', 'Vilela Cruz Lorena Alexandra', '', '184482', 1, '1'),
(765, 1, '0917973844', 'Pena Alvarez Daniel de Jesus', '', '184753', 1, '1'),
(766, 1, '1715467567', 'Torres Martinez Andres Paul', '', '185335', 1, '1'),
(767, 1, '0923169544', 'Ronquillo Chong qui Alex Javier', '', '185598', 1, '1'),
(768, 1, '1802130599', 'Molina Vasco Paul Sebastian', '', '186435', 1, '1'),
(769, 1, '1714287883', 'Ortiz Lopez Juan Carlos', '', '187390', 1, '1'),
(770, 1, '1716517220', 'Echeverria Calderon Francis Sharian', '', '187393', 1, '1'),
(771, 1, '1715814768', 'Robalino Arellano Damian Alfonso', '', '188650', 1, '1'),
(772, 1, '1716152721', 'Limaico Zurita Diego Armando', '', '188658', 1, '1'),
(773, 1, '0916551450', 'Torres Alvarado Emerson Fernando', '', '400022', 1, '1'),
(774, 1, '0923871438', 'Alava Mendoza Jeniffer Ernestina', '', '400026', 1, '1'),
(775, 1, '0912273851', 'Aviles Alvear Hugo Israel', '', '400028', 1, '1'),
(776, 1, '0926525585', 'Diaz Balladares Mariela Belen', '', '400033', 1, '1'),
(777, 1, '1717096794', 'Gangotena Gomezjurado Juan Esteban', '', '400040', 1, '1'),
(778, 1, '1709723942', 'Ordonez Marquez Renan Fernando', '', '400041', 1, '1'),
(779, 1, '1713108908', 'Vega Sierra Maria Belen', '', '400042', 1, '1'),
(780, 1, '1713937058', 'Carrera Hinnaoui Lorena Patricia', '', '400049', 1, '1'),
(781, 1, '1721136511', 'Mera Gonzalez Jannina Margarita', '', '400126', 1, '1'),
(782, 1, '1715617252', 'Guaman Punina Johanna Birmania', '', '400128', 1, '1'),
(783, 1, '1715000780', 'Navarrete Campana Edison Patricio', '', '400134', 1, '1'),
(784, 1, '1715641146', 'Aguirre Alomia Jordi Josep', '', '400138', 1, '1'),
(785, 1, '0922511241', 'Mancheno Reyna Maria Gabriela', '', '400156', 1, '1'),
(786, 1, '1718348715', 'Yaguachi Jumbo Willian Giovanny', '', '400157', 1, '1'),
(787, 1, '1718178328', 'Fierro Jacome Daniela Viviana', '', '400160', 1, '1'),
(788, 1, '1721749677', 'Talavera Villamarin Diana Carolina', '', '400171', 1, '1'),
(789, 1, '0603043670', 'Guerra Alban Irene Iliana', '', '400195', 1, '1'),
(790, 1, '0102855368', 'Pozo Aguilar Santiago Patricio', '', '400198', 1, '1'),
(791, 1, '0923321863', 'Castillo Mora Gianella Ailin', '', '2805', 1, '1'),
(792, 1, '1716182207', 'Esparza Ballesteros Andrea Cristina', '', '2829', 1, '1'),
(793, 1, '0602653370', 'Moyota Maldonado Ruben Milton', '', '400228', 1, '1'),
(794, 1, '1718271941', 'German Carpio Gabriela Jacqueline', '', '400229', 1, '1'),
(795, 1, '1802292688', 'Siza Morales Leonardo Patricio', '', '400234', 1, '1'),
(796, 1, '1721199758', 'Chungandro Teran Victoria Carolina', '', '400241', 1, '1'),
(797, 1, '1717271553', 'Cedeno Zambrano Karla Katiuska', '', '400242', 1, '1'),
(798, 1, '1103325005', 'Mendoza Guarnizo Maria Cristina', '', '400249', 1, '1'),
(799, 1, '1716437825', 'Montero Villacres Diego Paul', '', '400283', 1, '1'),
(800, 1, '1718976051', 'Maleza Penaherrera Jorge Alexander', '', '400301', 1, '1'),
(801, 1, '0103962114', 'Bravo Romero Bertha Cristina', '', '400303', 1, '1'),
(802, 1, '1716709439', 'Lopez Martinez Sergio Ricardo', '', '400307', 1, '1'),
(803, 1, '1719277806', 'Rivadeneira Romero Ximena Alexandra', '', '400309', 1, '1'),
(804, 1, '1718605957', 'Sisa Rodas Diego Fernando', '', '400313', 1, '1'),
(805, 1, '0703906099', 'Novillo Reyes Karina Paola', '', '400316', 1, '1'),
(806, 1, '0104591268', 'Medina Orellana Gabriela Andrea', '', '400324', 1, '1'),
(807, 1, '1714562830', 'Vallejo Rodriguez Carlos Roberto', '', '400328', 1, '1'),
(808, 1, '1718235318', 'Hurtado Recalde Diego Armando', '', '400331', 1, '1'),
(809, 1, '1714738844', 'Correa Balarezo Diego Alejandro', '', '400338', 1, '1'),
(810, 1, '0802376558', 'Ballesteros Torres Santiago Oliver', '', '400343', 1, '1'),
(811, 1, '1717172926', 'Morejon Guerra Daniela Carolina', '', '400357', 1, '1'),
(812, 1, '0103571451', 'Palacios Gil Fernando Jose', '', '400363', 1, '1'),
(813, 1, '1103750335', 'Guaman Granda Angel Fabricio', '', '400370', 1, '1'),
(814, 1, '0503245938', 'Madrid Herrera Milton Javier', '', '400373', 1, '1'),
(815, 1, '1002832515', 'Espin Benavides Herber Saul', '', '400376', 1, '1'),
(816, 1, '1718892076', 'Bracho Benitez Juan Carlos', '', '400392', 1, '1'),
(817, 1, '0920391422', 'Galiano Soto Diana Carolina', '', '400393', 1, '1'),
(818, 1, '1711875201', 'Meza Rodriguez Jaime Giovanni', '', '400402', 1, '1'),
(819, 1, '1713065546', 'Cespedes Carrasco Alex Ramiro', '', '400403', 1, '1'),
(820, 1, '0602985251', 'Salazar Granizo Luis Rodrigo', '', '400404', 1, '1'),
(821, 1, '1716845811', 'Rojas Gomez Geovanna Jacqueline', '', '400413', 1, '1'),
(822, 1, '0920424173', 'Loayza Intriago Andrea Alejandra', '', '400416', 1, '1'),
(823, 1, '0703898924', 'Apolo Echeverria Wilmer Bolivar', '', '400437', 1, '1'),
(824, 1, '1710555150', 'Arteaga Nicolalde Jose Luis', '', '400442', 1, '1'),
(825, 1, '0925573313', 'Trivino Moscoso Jacqueline Paola', '', '400452', 1, '1'),
(826, 1, '1714831441', 'Rodriguez Acosta Gabriela Margarita', '', '400467', 1, '1'),
(827, 1, '1719359562', 'Caviedes Aguirre Jorge Antonio', '', '400476', 1, '1'),
(828, 1, '0926323833', 'Mata Santos Raul Xavier', '', '400479', 1, '1'),
(829, 1, '1721406187', 'Landazuri Velasquez Johana Denisse', '', '400485', 1, '1'),
(830, 1, '1712331162', 'Davila Sandoval Dario Eduardo', '', '400487', 1, '1'),
(831, 1, '0401590088', 'Perez Revelo Danilo Andres', '', '400495', 1, '1'),
(832, 1, '1719813071', 'Ortega Vega Ana Cristina', '', '400502', 1, '1'),
(833, 1, '1714297288', 'Rodriguez Deleg Jose Miguel', '', '400503', 1, '1'),
(834, 1, '1721967972', 'Campos Sangoluisa Carolina Elizabeth', '', '400513', 1, '1'),
(835, 1, '1714275169', 'Paredes Gordillo Cristian Patricio', '', '400514', 1, '1'),
(836, 1, '1710440338', 'Wakao Salvador Alfredo Kenji', '', '400535', 1, '1'),
(837, 1, '0603880907', 'Acosta Barreno Maria Sebastiana', '', '400547', 1, '1'),
(838, 1, '0603022443', 'Guijarro Altamirano Carlos Eduardo', '', '400555', 1, '1'),
(839, 1, '0917649998', 'Reinoso Barroso Mario Alberto', '', '400556', 1, '1'),
(840, 1, '1714130356', 'Gallardo Toledo Erika Sofia', '', '400565', 1, '1'),
(841, 1, '1804153243', 'Gomez Carrera Amanda Maricela', '', '400579', 1, '1'),
(842, 1, '1715965792', 'Naveda Paredes Andres Patricio', '', '400585', 1, '1'),
(843, 1, '1720434057', 'Granda Guizado Santiago David', '', '400605', 1, '1'),
(844, 1, '1002422176', 'Velasco Fernandez Maria Jose', '', '400607', 1, '1'),
(845, 1, '1716777444', 'Davila Aguilar Nancy del Rocio', '', '400608', 1, '1'),
(846, 1, '1719929828', 'Ochoa Ramos Juan Sebastian', '', '400626', 1, '1'),
(847, 1, '1716865330', 'Perez Guzman Michelle Satia', '', '400633', 1, '1'),
(848, 1, '0503635708', 'Rosero De la Vega Daniela Stefania', '', '400634', 1, '1'),
(849, 1, '1713567814', 'Naranjo Maldonado Freddy Patricio', '', '400652', 1, '1'),
(850, 1, '0401541974', 'Ponce Vinueza Darwin Marcelo', '', '400658', 1, '1'),
(851, 1, '0703600361', 'Penaloza Brito Julia Elizabeth', '', '400675', 1, '1'),
(852, 1, '1718452707', 'Trujillo Castillo Marcelo Antonio', '', '400678', 1, '1'),
(853, 1, '0103768511', 'Brito Coronel Nelio Emanuel', '', '400679', 1, '1'),
(854, 1, '1803884426', 'Aillon Abril Marco Xavier', '', '400683', 1, '1'),
(855, 1, '1716764178', 'Nunez Herrera Diego Renato', '', '400690', 1, '1'),
(856, 1, '1104859481', 'Puchaicela Guadalima Andrea Cecibel', '', '400695', 1, '1'),
(857, 1, '1716066061', 'Bonilla Ribadeneira Marco David', '', '400697', 1, '1'),
(858, 1, '0904982139', 'Perez Azua Jaime Ismael', '', '400700', 1, '1'),
(859, 1, '0801130014', 'Carrera Bustamante Rafael Alejandro', '', '400709', 1, '1'),
(860, 1, '0401185756', 'Toasa Mino Martha Alexandra', '', '400713', 1, '1'),
(861, 1, '1721748562', 'Solis Andrade Daniela Alejandra', '', '400715', 1, '1'),
(862, 1, '1722373345', 'Llanganate Mediavilla Freddy Javier', '', '400719', 1, '1'),
(863, 1, '1716497928', 'Simbana Hinojosa Erika Pamela', '', '400720', 1, '1'),
(864, 1, '0502454002', 'Soria Semblantes Mauro Ignacio', '', '400722', 1, '1'),
(865, 1, '1715848352', 'Anchapanta Salazar Andrea Maribel', '', '400745', 1, '1'),
(866, 1, '1716075906', 'Jara Valle Marco Javier', '', '400756', 1, '1'),
(867, 1, '0602417032', 'Costales Vera Giovanny Fabricio', '', '400757', 1, '1'),
(868, 1, '1719199687', 'Mena Velastegui Edison Javier', '', '400758', 1, '1'),
(869, 1, '0919347484', 'Alvarez Macias Luis Fernando', '', '400660', 1, '1'),
(870, 1, '1718854381', 'Freire Balseca Gabriel Alonso', '', '400774', 1, '1'),
(871, 1, '1718384256', 'Aldaz Vergara Patricia Alexandra', '', '400785', 1, '1'),
(872, 1, '1704887684', 'Salazar Gonzalez Marco Oswaldo', '', '400786', 1, '1'),
(873, 1, '1709617763', 'Calero Teran Nelson Francisco', '', '400790', 1, '1'),
(874, 1, '0105221899', 'Arellano Apolo Paola Vanesa', '', '400795', 1, '1'),
(875, 1, '0502657331', 'Molina Bustillos Victoria Natali', '', '400801', 1, '1'),
(876, 1, '1718740408', 'Vallejo Meza Alexander Harney', '', '400804', 1, '1'),
(877, 1, '1719731125', 'Berrutti Gallegos Andrea Cristina', '', '400834', 1, '1'),
(878, 1, '0603450610', 'Diaz Penafiel Rodrigo Fernando', '', '400817', 1, '1'),
(879, 1, '1723308936', 'Cardenas Benalcazar Stephanie Alejandra', '', '400809', 1, '1'),
(880, 1, '1712403839', 'Guevara Armijos Jofre Enrique', '', '400852', 1, '1'),
(881, 1, '1712359015', 'Obando Ibarra Giovani Francisco', '', '400851', 1, '1'),
(882, 1, '1757913411', 'Benitez Martinez Adriana Marcela', '', '400854', 1, '1'),
(883, 1, '1720144011', 'Pazmino Murillo Marcela Alexandra', '', '400862', 1, '1'),
(884, 1, '1500583321', 'Meza Cevallos Galo Xavier', '', '400867', 1, '1'),
(885, 1, '1715701064', 'Valdospinos Tabango Rothman Enrique', '', '400864', 1, '1'),
(886, 1, '1718803230', 'Verdugo Espinoza David Israel', '', '400876', 1, '1'),
(887, 1, '0913749107', 'Jaime Galarza Carlos Andres', '', '400879', 1, '1'),
(888, 1, '1719377333', 'Granda Reinoso Jacqueline Esmeralda', '', '400890', 1, '1'),
(889, 1, '1715789218', 'Emme Bedoya Julian Andres', '', '400894', 1, '1'),
(890, 1, '1721409843', 'Carrera Salazar Carlos Andres', '', '400901', 1, '1'),
(891, 1, '1714891221', 'Larrea Guerrero Gabriela Cristina', '', '400907', 1, '1'),
(892, 1, '1718214057', 'Cabezas Avalos Edwin Samuel', '', '400910', 1, '1'),
(893, 1, '0930823711', 'Murillo Carrasco Fernando Patricio', '', '400916', 1, '1'),
(894, 1, '1711650174', 'Trivino Marcillo Maria de Lourdes', '', '400918', 1, '1'),
(895, 1, '1713728127', 'Moromenacho Ona Esteban Javier', '', '400925', 1, '1'),
(896, 1, '1716741713', 'Molina Silva Angel David', '', '400931', 1, '1'),
(897, 1, '1715061774', 'Proano Martinez Cristobal Eduardo', '', '400938', 1, '1'),
(898, 1, '1717642316', 'Meneses Granja Roberto Carlos', '', '400942', 1, '1'),
(899, 1, '0401544655', 'Enriquez Valenzuela Julio Edison', '', '400945', 1, '1'),
(900, 1, '1715039143', 'Gonzalez Larrea Fernando Francisco', '', '400949', 1, '1'),
(901, 1, '1104489578', 'Luzon Guzman Tania Maribel', '', '400950', 1, '1'),
(902, 1, '1715543227', 'Rivadeneira Andrade Marco Antonio', '', '400952', 1, '1'),
(903, 1, '1716427966', 'Bravo Rosero Luis David', '', '400947', 1, '1'),
(904, 1, '0930157136', 'Parrales Marcillo Ana Karen', '', '400954', 1, '1'),
(905, 1, '1724478647', 'Tello Altamirano Andrea Teresa', '', '400961', 1, '1'),
(906, 1, '1721354908', 'Villalta Villacres Jose German', '', '400967', 1, '1'),
(907, 1, '1104372519', 'Quichimbo Armijos Luis Alfredo', '', '400968', 1, '1'),
(908, 1, '0915933592', 'Lino Panchana Johnny Douglas', '', '400972', 1, '1'),
(909, 1, '1721536934', 'Ramirez Vera John Alexander', '', '400979', 1, '1'),
(910, 1, '1719044628', 'Reinoso Vallejo Christian Gustavo', '', '400987', 1, '1'),
(911, 1, '1717171035', 'Guzman Calle Milton Anibal', '', '400988', 1, '1'),
(912, 1, '1713592275', 'Guzman Jacome Soraya Ibeth', '', '400990', 1, '1'),
(913, 1, '0923970917', 'Sanchez Carlo Karen Elizabeth', '', '400998', 1, '1'),
(914, 1, '1757243595', 'Hernandez Perez Melissa Coromoto', '', '400999', 1, '1'),
(915, 1, '0909651093', 'Romo Leroux Maruri Maria Gabriela', '', '401005', 1, '1'),
(916, 1, '1757259559', 'Pena Pestana Vanessa Katiuska', '', '401032', 1, '1'),
(917, 1, '1723023303', 'Escarcelle Soledispa Maria Jose', '', '401036', 1, '1'),
(918, 1, '0603810573', 'Vallejo Villalva Cristhian Alexander', '', '401040', 1, '1'),
(919, 1, '1717363806', 'Chavez Enriquez Carlos Alfredo', '', '401053', 1, '1'),
(920, 1, '0911931186', 'Braun Heredia Eric Laurent', '', '401054', 1, '1'),
(921, 1, '0925597031', 'Olivares Murillo Maria Auxiliadora', '', '401059', 1, '1'),
(922, 1, '1713385605', 'Botto Vallejo Eduardo Xavier', '', '401067', 1, '1'),
(923, 1, '1717646333', 'Miranda Manay Rommel Andres', '', '401092', 1, '1'),
(924, 1, '1716394273', 'Oleas Trujillo Luis Fabricio', '', '401108', 1, '1'),
(925, 1, '0913075024', 'Jacome Saucedo Henry Aurelio', '', '401102', 1, '1'),
(926, 1, '0103929360', 'Quito Pinos Paul Felipe', '', '401112', 1, '1'),
(927, 1, '0928047877', 'Ortiz Cordero Narcisa de Jesus', '', '401113', 1, '1'),
(928, 1, '0924369911', 'Vivar Cassola Geomayra Maritza', '', '401107', 1, '1'),
(929, 1, '1713105177', 'Merino Ortega Daniela Lucia', '', '401116', 1, '1'),
(930, 1, '0930050547', 'Heredia Murillo Juan Jose', '', '401124', 1, '1'),
(931, 1, '1721800181', 'Chavarria Loor Carlos Javier', '', '401137', 1, '1'),
(932, 1, '1722651344', 'Aguas Duran Daniel Alejandro', '', '401138', 1, '1'),
(933, 2, '1727460683', 'Cabascango Campues Edison Wilmer', '', '1060503', 1, '1'),
(934, 2, '0955719208', 'Guerrero Solórzano Jhannely Nicole', '', '1067500', 1, '1'),
(935, 2, '1750113647', 'Mantilla Bravo Francis Anahí', '', '1067908', 1, '1'),
(936, 2, '1722376918', 'Mera García Diana Monserrate', '', '1068386', 1, '1'),
(937, 2, '1727385526', 'Meneses Zapata Josselyn Margoth', '', '1068590', 1, '1'),
(938, 2, '1724613367', 'Cabrera Nole Karla Lizeth', '', '1068758', 1, '1'),
(939, 2, '1719740365', 'Valdivieso Silva Damian Alexander', '', '1070160', 1, '1'),
(940, 2, '1722505342', 'Moya Calva Jamilet Patricia', '', '1070752', 1, '1'),
(941, 2, '1725944100', 'Alcivar Lugo Alisson Katherine', '', '1070753', 1, '1'),
(942, 2, '1752904043', 'Arcos Alvarado Daniel Andres', '', '1070921', 1, '1'),
(943, 2, '1753040276', 'Velasco Salgado Juan Francisco', '', '1071744', 1, '1'),
(944, 2, '1720018983', 'Bernys Jativa Miguel Alejandro', '', '1072039', 1, '1'),
(945, 2, '1727348268', 'Galarza Llumigusin Elaine Alejandra', '', '1072041', 1, '1'),
(946, 2, '1718550948', 'Capelo Rubio Aldo Grivaldy', '', '1072188', 1, '1'),
(947, 2, '1726536343', 'LLumiquinga Socasi Jonathan Fabricio', '', '1072192', 1, '1'),
(948, 2, '1004155709', 'Villarruel Ceron Wagner Rodrigo', '', '1072512', 1, '1'),
(949, 2, '1718297847', 'Pillajo Morocho Jose Luis', '', '1072553', 1, '1'),
(950, 2, '1725332975', 'Paredes Jimenez Diego Mauricio', '', '1073741', 1, '1'),
(951, 4, '1715790091', 'Murillo Hurtado Josselin Michelle', '', '1073877', 1, '1'),
(952, 2, '1754785507', 'Trujillo Benalcazar Daniela Abigail', '', '1074457', 1, '1'),
(953, 4, '1721499729', 'Loor Azanza Ana Carolina', '', '1074485', 1, '1'),
(954, 2, '1723461933', 'Fuertes Venegas Lenin Santiago', '', '1075151', 1, '1'),
(955, 2, '1721908604', 'Abarca Vaca Diana Belen', '', '1075317', 1, '1'),
(956, 4, '1728628767', 'Perez Guerrero Emely Virginia', '', '1075352', 1, '1'),
(957, 2, '1726103862', 'Jimenez Reino Sergio Andres', '', '1075353', 1, '1'),
(958, 3, '0960125946', 'Martinez Duran Niurka', '', '1008301', 1, '1'),
(959, 3, '1723359798', 'Marin Aleaga Alejandra Michelle', '', '1008671', 1, '1'),
(960, 3, '1803126166', 'Alvarado Llerena Enrique Javier', '', '1019853', 1, '1'),
(961, 3, '1722049788', 'Naranjo Buitron Ana Daniela', '', '1055449', 1, '1'),
(962, 3, '1713115762', 'Martinez Bravo Maria Cristina', '', '1060420', 1, '1'),
(963, 3, '0921122396', 'Caceres Zavala Juan Antonio', '', '2444', 1, '1'),
(964, 3, '1721880423', 'Valenzuela Urresta Daniela Cristina', '', '7551448', 1, '1'),
(965, 2, '1727385526', 'Meneses Zapata Josselyn Margoth', '', '1068590', 1, '1'),
(966, 4, '1715790091', 'Murillo Hurtado Josselin Michelle', '', '1073877', 1, '1'),
(967, 4, '1721499729', 'Loor Azanza Ana Carolina', '', '1074485', 1, '1'),
(968, 4, '1728628767', 'Perez Guerrero Emely Virginia', '', '1075352', 1, '1'),
(969, 3, '1716561327', 'Pablo', 'Quito', '12345', 0, '1'),
(970, 1, '0920169968', 'Condoy Vaca Guillermo Dario', '', '1075672', 0, '1'),
(971, 1, '0917331407', 'Macias Velasco Mario Roberto', '', '1075655', 0, '1'),
(972, 2, '0951451327', 'Cajamarca Palma Pamela Kerly', '', '1076324', 0, '1'),
(973, 1, '0926278169', 'Machado Cevallos Katherine Vanessa', '', '1051592', 0, '1'),
(974, 1, '1713041562', 'Herrera Jacome Guillermo Alberto', '', '288', 0, '1'),
(975, 1, '1722651344', 'Aguas Duran Daniel Alejandro', '', '401138', 0, '1'),
(976, 1, '1715643688', 'Cutus Mullo Oscar Danilo', '', '1009953', 0, '1'),
(977, 1, '0917124471', 'GIOVANNI CAMPODONICO', 'GUAYAQUIL', 'NA', 0, '1'),
(978, 1, '0922431598', 'EDISON SUAREZ', 'GUAYAQUIL', 'NA1078327', 0, '1'),
(979, 2, '1727460683', 'Cabascango Campues Edison Wilmer', '', '1060503', 0, '1'),
(980, 1, '0705384121', 'Alejandra Romero', 'GUAYAQUIL', 'nae1080273', 0, '1'),
(981, 1, '1725627705', 'Bedon Erazo Ligia Estefania', '', '1052697', 1, '1'),
(982, 1, '1713223590', 'Guerrero Segovia David Alejandro', '', '1075669', 1, '1'),
(983, 1, '1726249368', 'Carrera Zambrano Domenica Mercedes', '', '1076446', 1, '1'),
(984, 1, '1724169618', 'Barros Benavides Henry Alejandro', '', '1076461', 1, '1'),
(985, 1, '1722949011', 'Molina Zuniga Estefania Daniela', '', '1076479', 1, '1'),
(986, 1, '1723257679', 'Calderon Villalva Wladimir Alexander', '', '1076579', 1, '1'),
(987, 1, '1723373377', 'Benalcazar Simbana Dennis Martin', '', '1076629', 1, '1'),
(988, 1, '1726198433', 'Chavez Bazaran Stefany Belen', '', '1076815', 1, '1'),
(989, 2, '1751032739', 'Catagna Cacuango Maria Augusta', '', '1075543', 1, '1'),
(990, 2, '1722809298', 'Maldonado Mejia Bryan Daniel', '', '1075673', 1, '1'),
(991, 2, '1722639190', 'Canas Alban Mikaela Salome', '', '1076167', 1, '1'),
(992, 2, '1723884696', 'Llumiquinga Villenas Ivonne Salome', '', '1076755', 1, '1'),
(993, 2, '1751370725', 'Narvaez Salazar Jack Ricardo', '', '1076811', 1, '1'),
(994, 2, '1724388606', 'Mera Ramirez Juan Francisco', '', '1076865', 1, '1');

-- --------------------------------------------------------

--
-- Estructura de tabla para la tabla `consumos`
--

CREATE TABLE `consumos` (
  `id` int(11) NOT NULL,
  `cliId` int(11) NOT NULL,
  `fecha` date NOT NULL,
  `hora` time NOT NULL DEFAULT current_timestamp(),
  `tipo` varchar(50) DEFAULT NULL,
  `precio` decimal(10,2) DEFAULT NULL
) ENGINE=InnoDB DEFAULT CHARSET=utf8mb4;

--
-- Volcado de datos para la tabla `consumos`
--

INSERT INTO `consumos` (`id`, `cliId`, `fecha`, `hora`, `tipo`, `precio`) VALUES
(21, 3, '2023-01-13', '14:52:39', 'Almuerzo', '0.00'),
(22, 8, '2023-01-13', '14:53:04', 'Almuerzo', '0.00'),
(23, 36, '2023-01-13', '14:57:40', 'Almuerzo', '0.00'),
(24, 20, '2023-01-13', '15:01:50', 'Almuerzo', '0.00'),
(25, 1, '2023-01-16', '08:12:01', 'Almuerzo', '0.00'),
(26, 1, '2023-01-16', '08:12:51', 'Desayuno', '0.00'),
(27, 367, '2023-01-16', '11:59:18', 'Almuerzo', '0.00'),
(28, 491, '2023-01-16', '12:00:42', 'Almuerzo', '0.00'),
(29, 557, '2023-01-16', '12:02:18', 'Almuerzo', '0.00'),
(30, 680, '2023-01-16', '12:02:31', 'Almuerzo', '0.00'),
(31, 774, '2023-01-16', '12:02:59', 'Almuerzo', '0.00'),
(32, 225, '2023-01-16', '12:03:25', 'Almuerzo', '0.00'),
(33, 722, '2023-01-16', '12:04:27', 'Almuerzo', '0.00'),
(34, 928, '2023-01-16', '12:16:12', 'Almuerzo', '0.00'),
(35, 75, '2023-01-16', '12:16:28', 'Almuerzo', '0.00'),
(36, 207, '2023-01-16', '12:16:51', 'Almuerzo', '0.00'),
(37, 925, '2023-01-16', '12:17:44', 'Almuerzo', '0.00'),
(38, 734, '2023-01-16', '12:18:51', 'Almuerzo', '0.00'),
(39, 110, '2023-01-16', '12:19:16', 'Almuerzo', '0.00'),
(40, 339, '2023-01-16', '12:20:41', 'Almuerzo', '0.00'),
(41, 87, '2023-01-16', '12:22:06', 'Almuerzo', '0.00'),
(42, 700, '2023-01-16', '12:24:36', 'Almuerzo', '0.00'),
(43, 486, '2023-01-16', '12:24:49', 'Almuerzo', '0.00'),
(44, 303, '2023-01-16', '12:25:08', 'Almuerzo', '0.00'),
(45, 416, '2023-01-16', '12:25:33', 'Almuerzo', '0.00'),
(46, 525, '2023-01-16', '12:27:14', 'Almuerzo', '0.00'),
(47, 358, '2023-01-16', '12:32:58', 'Almuerzo', '0.00'),
(48, 160, '2023-01-16', '12:33:10', 'Almuerzo', '0.00'),
(49, 93, '2023-01-16', '12:37:16', 'Almuerzo', '0.00'),
(50, 689, '2023-01-16', '12:42:33', 'Almuerzo', '0.00'),
(51, 693, '2023-01-16', '12:42:50', 'Almuerzo', '0.00'),
(52, 460, '2023-01-16', '12:45:02', 'Almuerzo', '0.00'),
(53, 785, '2023-01-16', '12:45:32', 'Almuerzo', '0.00'),
(54, 776, '2023-01-16', '12:45:48', 'Almuerzo', '0.00'),
(55, 970, '2023-01-16', '12:47:24', 'Almuerzo', '0.00'),
(56, 426, '2023-01-16', '12:47:39', 'Almuerzo', '0.00'),
(57, 41, '2023-01-16', '12:47:46', 'Almuerzo', '0.00'),
(58, 971, '2023-01-16', '12:48:57', 'Almuerzo', '0.00'),
(59, 733, '2023-01-16', '12:54:57', 'Almuerzo', '0.00'),
(60, 285, '2023-01-16', '12:55:07', 'Almuerzo', '0.00'),
(61, 54, '2023-01-16', '12:55:27', 'Almuerzo', '0.00'),
(62, 134, '2023-01-16', '12:56:24', 'Almuerzo', '0.00'),
(63, 368, '2023-01-16', '12:57:12', 'Almuerzo', '0.00'),
(64, 791, '2023-01-16', '12:57:53', 'Almuerzo', '0.00'),
(65, 705, '2023-01-16', '12:58:04', 'Almuerzo', '0.00'),
(66, 741, '2023-01-16', '13:00:27', 'Almuerzo', '0.00'),
(67, 858, '2023-01-16', '13:16:34', 'Almuerzo', '0.00'),
(68, 297, '2023-01-16', '13:17:31', 'Almuerzo', '0.00'),
(69, 665, '2023-01-16', '13:21:11', 'Almuerzo', '0.00'),
(70, 186, '2023-01-17', '12:01:45', 'Almuerzo', '0.00'),
(71, 87, '2023-01-17', '12:06:40', 'Almuerzo', '0.00'),
(72, 640, '2023-01-17', '12:08:14', 'Almuerzo', '0.00'),
(73, 426, '2023-01-17', '12:10:37', 'Almuerzo', '0.00'),
(74, 785, '2023-01-17', '12:10:45', 'Almuerzo', '0.00'),
(75, 774, '2023-01-17', '12:14:40', 'Almuerzo', '0.00'),
(76, 920, '2023-01-17', '12:15:23', 'Almuerzo', '0.00'),
(77, 734, '2023-01-17', '12:15:34', 'Almuerzo', '0.00'),
(78, 75, '2023-01-17', '12:15:55', 'Almuerzo', '0.00'),
(79, 110, '2023-01-17', '12:17:14', 'Almuerzo', '0.00'),
(80, 742, '2023-01-17', '12:18:09', 'Almuerzo', '0.00'),
(81, 368, '2023-01-17', '12:20:44', 'Almuerzo', '0.00'),
(82, 207, '2023-01-17', '12:21:24', 'Almuerzo', '0.00'),
(83, 478, '2023-01-17', '12:34:14', 'Almuerzo', '0.00'),
(84, 208, '2023-01-17', '12:34:23', 'Almuerzo', '0.00'),
(85, 747, '2023-01-17', '12:34:46', 'Almuerzo', '0.00'),
(86, 339, '2023-01-17', '12:39:10', 'Almuerzo', '0.00'),
(87, 167, '2023-01-17', '12:40:30', 'Almuerzo', '0.00'),
(88, 689, '2023-01-17', '12:42:05', 'Almuerzo', '0.00'),
(89, 970, '2023-01-17', '12:42:26', 'Almuerzo', '0.00'),
(90, 235, '2023-01-17', '12:43:04', 'Almuerzo', '0.00'),
(91, 275, '2023-01-17', '12:43:24', 'Almuerzo', '0.00'),
(92, 271, '2023-01-17', '12:44:49', 'Almuerzo', '0.00'),
(93, 714, '2023-01-17', '12:45:13', 'Almuerzo', '0.00'),
(94, 460, '2023-01-17', '12:45:40', 'Almuerzo', '0.00'),
(95, 700, '2023-01-17', '12:52:40', 'Almuerzo', '0.00'),
(96, 326, '2023-01-17', '12:54:55', 'Almuerzo', '0.00'),
(97, 542, '2023-01-17', '12:57:07', 'Almuerzo', '0.00'),
(98, 693, '2023-01-17', '12:57:29', 'Almuerzo', '0.00'),
(99, 727, '2023-01-17', '12:58:32', 'Almuerzo', '0.00'),
(100, 741, '2023-01-17', '13:00:57', 'Almuerzo', '0.00'),
(101, 971, '2023-01-17', '13:02:39', 'Almuerzo', '0.00'),
(102, 285, '2023-01-17', '13:03:10', 'Almuerzo', '0.00'),
(103, 236, '2023-01-17', '13:04:17', 'Almuerzo', '0.00'),
(104, 972, '2023-01-17', '13:06:07', 'Almuerzo', '0.00'),
(105, 523, '2023-01-17', '13:06:34', 'Almuerzo', '0.00'),
(106, 857, '2023-01-17', '13:06:51', 'Almuerzo', '0.00'),
(107, 358, '2023-01-17', '13:09:23', 'Almuerzo', '0.00'),
(108, 793, '2023-01-17', '13:13:39', 'Almuerzo', '0.00'),
(109, 915, '2023-01-17', '13:16:07', 'Almuerzo', '0.00'),
(110, 913, '2023-01-17', '13:49:53', 'Almuerzo', '0.00'),
(111, 525, '2023-01-18', '12:00:51', 'Almuerzo', '0.00'),
(112, 925, '2023-01-18', '12:01:08', 'Almuerzo', '0.00'),
(113, 491, '2023-01-18', '12:03:03', 'Almuerzo', '0.00'),
(114, 186, '2023-01-18', '12:03:40', 'Almuerzo', '0.00'),
(115, 640, '2023-01-18', '12:03:53', 'Almuerzo', '0.00'),
(116, 857, '2023-01-18', '12:05:12', 'Almuerzo', '0.00'),
(117, 722, '2023-01-18', '12:10:14', 'Almuerzo', '0.00'),
(118, 275, '2023-01-18', '12:12:21', 'Almuerzo', '0.00'),
(119, 339, '2023-01-18', '12:12:57', 'Almuerzo', '0.00'),
(120, 689, '2023-01-18', '12:13:19', 'Almuerzo', '0.00'),
(121, 110, '2023-01-18', '12:13:47', 'Almuerzo', '0.00'),
(122, 87, '2023-01-18', '12:14:16', 'Almuerzo', '0.00'),
(123, 426, '2023-01-18', '12:17:20', 'Almuerzo', '0.00'),
(124, 928, '2023-01-18', '12:21:01', 'Almuerzo', '0.00'),
(125, 737, '2023-01-18', '12:22:30', 'Almuerzo', '0.00'),
(126, 345, '2023-01-18', '12:27:58', 'Almuerzo', '0.00'),
(127, 460, '2023-01-18', '12:28:14', 'Almuerzo', '0.00'),
(128, 741, '2023-01-18', '12:31:48', 'Almuerzo', '0.00'),
(129, 775, '2023-01-18', '12:34:47', 'Almuerzo', '0.00'),
(130, 160, '2023-01-18', '12:36:12', 'Almuerzo', '0.00'),
(131, 358, '2023-01-18', '12:36:18', 'Almuerzo', '0.00'),
(132, 542, '2023-01-18', '12:36:51', 'Almuerzo', '0.00'),
(133, 693, '2023-01-18', '12:37:03', 'Almuerzo', '0.00'),
(134, 503, '2023-01-18', '12:37:40', 'Almuerzo', '0.00'),
(135, 727, '2023-01-18', '12:38:51', 'Almuerzo', '0.00'),
(136, 557, '2023-01-18', '12:40:22', 'Almuerzo', '0.00'),
(137, 680, '2023-01-18', '12:40:59', 'Almuerzo', '0.00'),
(138, 235, '2023-01-18', '12:41:16', 'Almuerzo', '0.00'),
(139, 41, '2023-01-18', '12:41:23', 'Almuerzo', '0.00'),
(140, 920, '2023-01-18', '12:43:15', 'Almuerzo', '0.00'),
(141, 134, '2023-01-18', '12:43:58', 'Almuerzo', '0.00'),
(142, 326, '2023-01-18', '12:57:10', 'Almuerzo', '0.00'),
(143, 913, '2023-01-18', '12:57:38', 'Almuerzo', '0.00'),
(144, 208, '2023-01-18', '13:02:09', 'Almuerzo', '0.00'),
(145, 154, '2023-01-18', '13:02:23', 'Almuerzo', '0.00'),
(146, 972, '2023-01-18', '13:08:29', 'Almuerzo', '0.00'),
(147, 236, '2023-01-18', '13:08:37', 'Almuerzo', '0.00'),
(148, 285, '2023-01-18', '13:09:57', 'Almuerzo', '0.00'),
(149, 54, '2023-01-18', '13:22:00', 'Almuerzo', '0.00'),
(150, 416, '2023-01-18', '13:30:42', 'Almuerzo', '0.00'),
(151, 791, '2023-01-18', '13:44:32', 'Almuerzo', '0.00'),
(152, 913, '2023-01-19', '12:00:42', 'Almuerzo', '0.00'),
(153, 367, '2023-01-19', '12:00:52', 'Almuerzo', '0.00'),
(154, 486, '2023-01-19', '12:02:34', 'Almuerzo', '0.00'),
(155, 116, '2023-01-19', '12:03:42', 'Almuerzo', '0.00'),
(156, 774, '2023-01-19', '12:05:50', 'Almuerzo', '0.00'),
(157, 207, '2023-01-19', '12:06:01', 'Almuerzo', '0.00'),
(158, 747, '2023-01-19', '12:06:11', 'Almuerzo', '0.00'),
(159, 893, '2023-01-19', '12:08:16', 'Almuerzo', '0.00'),
(160, 776, '2023-01-19', '12:09:00', 'Almuerzo', '0.00'),
(161, 925, '2023-01-19', '12:13:13', 'Almuerzo', '0.00'),
(162, 87, '2023-01-19', '12:14:23', 'Almuerzo', '0.00'),
(163, 75, '2023-01-19', '12:23:14', 'Almuerzo', '0.00'),
(164, 705, '2023-01-19', '12:23:23', 'Almuerzo', '0.00'),
(165, 41, '2023-01-19', '12:32:20', 'Almuerzo', '0.00'),
(166, 775, '2023-01-19', '12:32:27', 'Almuerzo', '0.00'),
(167, 701, '2023-01-19', '12:33:04', 'Almuerzo', '0.00'),
(168, 503, '2023-01-19', '12:33:15', 'Almuerzo', '0.00'),
(169, 741, '2023-01-19', '12:34:03', 'Almuerzo', '0.00'),
(170, 275, '2023-01-19', '12:35:56', 'Almuerzo', '0.00'),
(171, 525, '2023-01-19', '12:36:53', 'Almuerzo', '0.00'),
(172, 426, '2023-01-19', '12:37:17', 'Almuerzo', '0.00'),
(173, 791, '2023-01-19', '12:41:18', 'Almuerzo', '0.00'),
(174, 346, '2023-01-19', '12:41:38', 'Almuerzo', '0.00'),
(175, 271, '2023-01-19', '12:41:48', 'Almuerzo', '0.00'),
(176, 478, '2023-01-19', '12:42:01', 'Almuerzo', '0.00'),
(177, 460, '2023-01-19', '12:42:32', 'Almuerzo', '0.00'),
(178, 689, '2023-01-19', '12:44:00', 'Almuerzo', '0.00'),
(179, 858, '2023-01-19', '12:44:14', 'Almuerzo', '0.00'),
(180, 722, '2023-01-19', '12:45:11', 'Almuerzo', '0.00'),
(181, 160, '2023-01-19', '12:46:49', 'Almuerzo', '0.00'),
(182, 358, '2023-01-19', '12:47:17', 'Almuerzo', '0.00'),
(183, 93, '2023-01-19', '12:49:03', 'Almuerzo', '0.00'),
(184, 52, '2023-01-19', '12:49:38', 'Almuerzo', '0.00'),
(185, 693, '2023-01-19', '12:50:16', 'Almuerzo', '0.00'),
(186, 155, '2023-01-19', '12:51:07', 'Almuerzo', '0.00'),
(187, 446, '2023-01-19', '12:53:46', 'Almuerzo', '0.00'),
(188, 742, '2023-01-19', '12:54:29', 'Almuerzo', '0.00'),
(189, 972, '2023-01-19', '12:56:39', 'Almuerzo', '0.00'),
(190, 531, '2023-01-19', '13:03:02', 'Almuerzo', '0.00'),
(191, 714, '2023-01-19', '13:03:21', 'Almuerzo', '0.00'),
(192, 326, '2023-01-19', '13:08:06', 'Almuerzo', '0.00'),
(193, 54, '2023-01-19', '13:11:26', 'Almuerzo', '0.00'),
(194, 285, '2023-01-19', '13:14:09', 'Almuerzo', '0.00'),
(195, 236, '2023-01-19', '13:24:31', 'Almuerzo', '0.00'),
(196, 700, '2023-01-19', '13:40:41', 'Almuerzo', '0.00'),
(197, 575, '2023-01-19', '13:42:27', 'Almuerzo', '0.00'),
(198, 416, '2023-01-23', '12:00:50', 'Almuerzo', '0.00'),
(199, 722, '2023-01-23', '12:01:19', 'Almuerzo', '0.00'),
(200, 640, '2023-01-23', '12:01:33', 'Almuerzo', '0.00'),
(201, 503, '2023-01-23', '12:01:49', 'Almuerzo', '0.00'),
(202, 491, '2023-01-23', '12:05:04', 'Almuerzo', '0.00'),
(203, 713, '2023-01-23', '12:05:36', 'Almuerzo', '0.00'),
(204, 87, '2023-01-23', '12:05:54', 'Almuerzo', '0.00'),
(205, 557, '2023-01-23', '12:07:30', 'Almuerzo', '0.00'),
(206, 680, '2023-01-23', '12:07:43', 'Almuerzo', '0.00'),
(207, 225, '2023-01-23', '12:10:06', 'Almuerzo', '0.00'),
(208, 207, '2023-01-23', '12:10:14', 'Almuerzo', '0.00'),
(209, 275, '2023-01-23', '12:11:47', 'Almuerzo', '0.00'),
(210, 367, '2023-01-23', '12:15:14', 'Almuerzo', '0.00'),
(211, 75, '2023-01-23', '12:15:52', 'Almuerzo', '0.00'),
(212, 971, '2023-01-23', '12:17:23', 'Almuerzo', '0.00'),
(213, 428, '2023-01-23', '12:18:01', 'Almuerzo', '0.00'),
(214, 339, '2023-01-23', '12:26:42', 'Almuerzo', '0.00'),
(215, 741, '2023-01-23', '12:27:09', 'Almuerzo', '0.00'),
(216, 925, '2023-01-23', '12:27:22', 'Almuerzo', '0.00'),
(217, 303, '2023-01-23', '12:27:58', 'Almuerzo', '0.00'),
(218, 271, '2023-01-23', '12:29:27', 'Almuerzo', '0.00'),
(219, 737, '2023-01-23', '12:31:09', 'Almuerzo', '0.00'),
(220, 747, '2023-01-23', '12:34:06', 'Almuerzo', '0.00'),
(221, 176, '2023-01-23', '12:34:14', 'Almuerzo', '0.00'),
(222, 291, '2023-01-23', '12:39:09', 'Almuerzo', '0.00'),
(223, 160, '2023-01-23', '12:39:49', 'Almuerzo', '0.00'),
(224, 358, '2023-01-23', '12:39:56', 'Almuerzo', '0.00'),
(225, 689, '2023-01-23', '12:49:57', 'Almuerzo', '0.00'),
(226, 705, '2023-01-23', '12:50:05', 'Almuerzo', '0.00'),
(227, 693, '2023-01-23', '12:51:35', 'Almuerzo', '0.00'),
(228, 970, '2023-01-23', '12:53:30', 'Almuerzo', '0.00'),
(229, 460, '2023-01-23', '12:53:39', 'Almuerzo', '0.00'),
(230, 167, '2023-01-23', '12:54:27', 'Almuerzo', '0.00'),
(231, 913, '2023-01-23', '12:57:29', 'Almuerzo', '0.00'),
(232, 129, '2023-01-23', '12:57:40', 'Almuerzo', '0.00'),
(233, 368, '2023-01-23', '12:58:47', 'Almuerzo', '0.00'),
(234, 429, '2023-01-23', '13:03:20', 'Almuerzo', '0.00'),
(235, 54, '2023-01-23', '13:03:39', 'Almuerzo', '0.00'),
(236, 733, '2023-01-23', '13:05:02', 'Almuerzo', '0.00'),
(237, 714, '2023-01-23', '13:05:40', 'Almuerzo', '0.00'),
(238, 285, '2023-01-23', '13:11:16', 'Almuerzo', '0.00'),
(239, 665, '2023-01-23', '13:11:31', 'Almuerzo', '0.00'),
(240, 134, '2023-01-23', '13:18:52', 'Almuerzo', '0.00'),
(241, 734, '2023-01-24', '11:57:02', 'Almuerzo', '0.00'),
(242, 705, '2023-01-24', '11:57:32', 'Almuerzo', '0.00'),
(243, 75, '2023-01-24', '11:57:57', 'Almuerzo', '0.00'),
(244, 742, '2023-01-24', '12:01:19', 'Almuerzo', '0.00'),
(245, 640, '2023-01-24', '12:03:11', 'Almuerzo', '0.00'),
(246, 714, '2023-01-24', '12:03:27', 'Almuerzo', '0.00'),
(247, 225, '2023-01-24', '12:04:38', 'Almuerzo', '0.00'),
(248, 774, '2023-01-24', '12:05:17', 'Almuerzo', '0.00'),
(249, 810, '2023-01-24', '12:06:25', 'Almuerzo', '0.00'),
(250, 928, '2023-01-24', '12:20:20', 'Almuerzo', '0.00'),
(251, 722, '2023-01-24', '12:21:00', 'Almuerzo', '0.00'),
(252, 87, '2023-01-24', '12:24:50', 'Almuerzo', '0.00'),
(253, 689, '2023-01-24', '12:27:00', 'Almuerzo', '0.00'),
(254, 825, '2023-01-24', '12:27:21', 'Almuerzo', '0.00'),
(255, 110, '2023-01-24', '12:27:54', 'Almuerzo', '0.00'),
(256, 207, '2023-01-24', '12:28:09', 'Almuerzo', '0.00'),
(257, 426, '2023-01-24', '12:35:20', 'Almuerzo', '0.00'),
(258, 737, '2023-01-24', '12:35:28', 'Almuerzo', '0.00'),
(259, 741, '2023-01-24', '12:38:36', 'Almuerzo', '0.00'),
(260, 971, '2023-01-24', '12:41:42', 'Almuerzo', '0.00'),
(261, 167, '2023-01-24', '12:43:38', 'Almuerzo', '0.00'),
(262, 970, '2023-01-24', '12:43:44', 'Almuerzo', '0.00'),
(263, 275, '2023-01-24', '12:50:30', 'Almuerzo', '0.00'),
(264, 791, '2023-01-24', '13:00:15', 'Almuerzo', '0.00'),
(265, 542, '2023-01-24', '13:03:38', 'Almuerzo', '0.00'),
(266, 358, '2023-01-24', '13:04:22', 'Almuerzo', '0.00'),
(267, 41, '2023-01-24', '13:06:01', 'Almuerzo', '0.00'),
(268, 326, '2023-01-24', '13:06:33', 'Almuerzo', '0.00'),
(269, 972, '2023-01-24', '13:06:43', 'Almuerzo', '0.00'),
(270, 550, '2023-01-24', '13:07:12', 'Almuerzo', '0.00'),
(271, 236, '2023-01-24', '13:08:08', 'Almuerzo', '0.00'),
(272, 54, '2023-01-24', '13:10:58', 'Almuerzo', '0.00'),
(273, 733, '2023-01-24', '13:11:24', 'Almuerzo', '0.00'),
(274, 523, '2023-01-24', '13:12:23', 'Almuerzo', '0.00'),
(275, 235, '2023-01-24', '13:15:58', 'Almuerzo', '0.00'),
(276, 915, '2023-01-24', '13:16:09', 'Almuerzo', '0.00'),
(277, 208, '2023-01-24', '13:16:20', 'Almuerzo', '0.00'),
(278, 858, '2023-01-24', '13:16:49', 'Almuerzo', '0.00'),
(279, 271, '2023-01-24', '13:18:23', 'Almuerzo', '0.00'),
(280, 460, '2023-01-24', '13:18:45', 'Almuerzo', '0.00'),
(281, 155, '2023-01-24', '13:21:30', 'Almuerzo', '0.00'),
(282, 428, '2023-01-24', '13:22:08', 'Almuerzo', '0.00'),
(283, 339, '2023-01-24', '13:25:08', 'Almuerzo', '0.00'),
(284, 776, '2023-01-24', '13:34:42', 'Almuerzo', '0.00'),
(285, 478, '2023-01-24', '14:14:03', 'Almuerzo', '0.00'),
(286, 491, '2023-01-25', '11:54:40', 'Almuerzo', '0.00'),
(287, 416, '2023-01-25', '11:59:10', 'Almuerzo', '0.00'),
(288, 700, '2023-01-25', '12:03:34', 'Almuerzo', '0.00'),
(289, 38, '2023-01-25', '12:04:13', 'Almuerzo', '0.00'),
(290, 640, '2023-01-25', '12:04:30', 'Almuerzo', '0.00'),
(291, 776, '2023-01-25', '12:05:42', 'Almuerzo', '0.00'),
(292, 87, '2023-01-25', '12:06:22', 'Almuerzo', '0.00'),
(293, 737, '2023-01-25', '12:08:07', 'Almuerzo', '0.00'),
(294, 346, '2023-01-25', '12:20:41', 'Almuerzo', '0.00'),
(295, 970, '2023-01-25', '12:20:48', 'Almuerzo', '0.00'),
(296, 271, '2023-01-25', '12:20:58', 'Almuerzo', '0.00'),
(297, 689, '2023-01-25', '12:25:02', 'Almuerzo', '0.00'),
(298, 235, '2023-01-25', '12:30:40', 'Almuerzo', '0.00'),
(299, 596, '2023-01-25', '12:30:50', 'Almuerzo', '0.00'),
(300, 208, '2023-01-25', '12:31:02', 'Almuerzo', '0.00'),
(301, 160, '2023-01-25', '12:32:47', 'Almuerzo', '0.00'),
(302, 358, '2023-01-25', '12:32:58', 'Almuerzo', '0.00'),
(303, 575, '2023-01-25', '12:34:22', 'Almuerzo', '0.00'),
(304, 734, '2023-01-25', '12:45:22', 'Almuerzo', '0.00'),
(305, 75, '2023-01-25', '12:47:52', 'Almuerzo', '0.00'),
(306, 428, '2023-01-25', '12:50:28', 'Almuerzo', '0.00'),
(307, 110, '2023-01-25', '12:50:52', 'Almuerzo', '0.00'),
(308, 971, '2023-01-25', '12:52:09', 'Almuerzo', '0.00'),
(309, 326, '2023-01-25', '12:54:59', 'Almuerzo', '0.00'),
(310, 972, '2023-01-25', '12:55:06', 'Almuerzo', '0.00'),
(311, 741, '2023-01-25', '12:55:38', 'Almuerzo', '0.00'),
(312, 236, '2023-01-25', '13:00:12', 'Almuerzo', '0.00'),
(313, 542, '2023-01-25', '13:00:43', 'Almuerzo', '0.00'),
(314, 693, '2023-01-25', '13:00:57', 'Almuerzo', '0.00'),
(315, 665, '2023-01-25', '13:11:58', 'Almuerzo', '0.00'),
(316, 345, '2023-01-25', '13:12:24', 'Almuerzo', '0.00'),
(317, 460, '2023-01-25', '13:12:44', 'Almuerzo', '0.00'),
(318, 54, '2023-01-25', '13:13:12', 'Almuerzo', '0.00'),
(319, 361, '2023-01-25', '13:16:18', 'Almuerzo', '0.00'),
(320, 11, '2023-01-25', '13:16:33', 'Almuerzo', '0.00'),
(321, 747, '2023-01-25', '13:27:03', 'Almuerzo', '0.00'),
(322, 225, '2023-01-26', '12:04:40', 'Almuerzo', '0.00'),
(323, 774, '2023-01-26', '12:05:02', 'Almuerzo', '0.00'),
(324, 640, '2023-01-26', '12:05:47', 'Almuerzo', '0.00'),
(325, 810, '2023-01-26', '12:06:00', 'Almuerzo', '0.00'),
(326, 207, '2023-01-26', '12:06:34', 'Almuerzo', '0.00'),
(327, 69, '2023-01-26', '12:06:42', 'Almuerzo', '0.00'),
(328, 75, '2023-01-26', '12:06:50', 'Almuerzo', '0.00'),
(329, 367, '2023-01-26', '12:08:10', 'Almuerzo', '0.00'),
(330, 368, '2023-01-26', '12:08:19', 'Almuerzo', '0.00'),
(331, 689, '2023-01-26', '12:16:10', 'Almuerzo', '0.00'),
(332, 925, '2023-01-26', '12:16:28', 'Almuerzo', '0.00'),
(333, 722, '2023-01-26', '12:17:24', 'Almuerzo', '0.00'),
(334, 729, '2023-01-26', '12:19:29', 'Almuerzo', '0.00'),
(335, 174, '2023-01-26', '12:19:39', 'Almuerzo', '0.00'),
(336, 426, '2023-01-26', '12:20:20', 'Almuerzo', '0.00'),
(337, 700, '2023-01-26', '12:22:27', 'Almuerzo', '0.00'),
(338, 339, '2023-01-26', '12:26:01', 'Almuerzo', '0.00'),
(339, 693, '2023-01-26', '12:27:29', 'Almuerzo', '0.00'),
(340, 742, '2023-01-26', '12:29:44', 'Almuerzo', '0.00'),
(341, 167, '2023-01-26', '12:30:07', 'Almuerzo', '0.00'),
(342, 714, '2023-01-26', '12:31:00', 'Almuerzo', '0.00'),
(343, 747, '2023-01-26', '12:32:29', 'Almuerzo', '0.00'),
(344, 110, '2023-01-26', '12:32:36', 'Almuerzo', '0.00'),
(345, 129, '2023-01-26', '12:32:50', 'Almuerzo', '0.00'),
(346, 791, '2023-01-26', '12:33:38', 'Almuerzo', '0.00'),
(347, 428, '2023-01-26', '12:37:51', 'Almuerzo', '0.00'),
(348, 575, '2023-01-26', '12:38:20', 'Almuerzo', '0.00'),
(349, 915, '2023-01-26', '12:44:35', 'Almuerzo', '0.00'),
(350, 837, '2023-01-26', '12:44:41', 'Almuerzo', '0.00'),
(351, 160, '2023-01-26', '12:47:23', 'Almuerzo', '0.00'),
(352, 839, '2023-01-26', '12:47:37', 'Almuerzo', '0.00'),
(353, 928, '2023-01-26', '12:50:43', 'Almuerzo', '0.00'),
(354, 972, '2023-01-26', '12:51:56', 'Almuerzo', '0.00'),
(355, 346, '2023-01-26', '12:53:02', 'Almuerzo', '0.00'),
(356, 737, '2023-01-26', '12:53:10', 'Almuerzo', '0.00'),
(357, 460, '2023-01-26', '12:53:31', 'Almuerzo', '0.00'),
(358, 345, '2023-01-26', '12:53:45', 'Almuerzo', '0.00'),
(359, 721, '2023-01-26', '12:54:49', 'Almuerzo', '0.00'),
(360, 741, '2023-01-26', '12:55:12', 'Almuerzo', '0.00'),
(361, 690, '2023-01-26', '12:58:24', 'Almuerzo', '0.00'),
(362, 93, '2023-01-26', '12:58:41', 'Almuerzo', '0.00'),
(363, 731, '2023-01-26', '12:59:11', 'Almuerzo', '0.00'),
(364, 361, '2023-01-26', '13:03:44', 'Almuerzo', '0.00'),
(365, 11, '2023-01-26', '13:03:56', 'Almuerzo', '0.00'),
(366, 326, '2023-01-26', '13:04:45', 'Almuerzo', '0.00'),
(367, 734, '2023-01-26', '13:08:32', 'Almuerzo', '0.00'),
(368, 236, '2023-01-26', '13:08:44', 'Almuerzo', '0.00'),
(369, 82, '2023-01-26', '13:44:33', 'Almuerzo', '0.00'),
(370, 87, '2023-01-26', '13:58:33', 'Almuerzo', '0.00'),
(371, 932, '2023-01-26', '13:58:42', 'Almuerzo', '0.00'),
(372, 640, '2023-01-30', '11:58:20', 'Almuerzo', '0.00'),
(373, 722, '2023-01-30', '11:58:43', 'Almuerzo', '0.00'),
(374, 713, '2023-01-30', '11:59:35', 'Almuerzo', '0.00'),
(375, 491, '2023-01-30', '12:01:24', 'Almuerzo', '0.00'),
(376, 705, '2023-01-30', '12:02:22', 'Almuerzo', '0.00'),
(377, 503, '2023-01-30', '12:04:08', 'Almuerzo', '0.00'),
(378, 416, '2023-01-30', '12:08:41', 'Almuerzo', '0.00'),
(379, 925, '2023-01-30', '12:09:02', 'Almuerzo', '0.00'),
(380, 339, '2023-01-30', '12:09:12', 'Almuerzo', '0.00'),
(381, 367, '2023-01-30', '12:09:22', 'Almuerzo', '0.00'),
(382, 575, '2023-01-30', '12:12:46', 'Almuerzo', '0.00'),
(383, 176, '2023-01-30', '12:20:56', 'Almuerzo', '0.00'),
(384, 741, '2023-01-30', '12:28:33', 'Almuerzo', '0.00'),
(385, 971, '2023-01-30', '12:31:41', 'Almuerzo', '0.00'),
(386, 160, '2023-01-30', '12:36:04', 'Almuerzo', '0.00'),
(387, 358, '2023-01-30', '12:36:16', 'Almuerzo', '0.00'),
(388, 693, '2023-01-30', '12:42:58', 'Almuerzo', '0.00'),
(389, 54, '2023-01-30', '12:44:48', 'Almuerzo', '0.00'),
(390, 970, '2023-01-30', '12:44:59', 'Almuerzo', '0.00'),
(391, 460, '2023-01-30', '12:45:12', 'Almuerzo', '0.00'),
(392, 557, '2023-01-30', '12:45:58', 'Almuerzo', '0.00'),
(393, 680, '2023-01-30', '12:46:10', 'Almuerzo', '0.00'),
(394, 167, '2023-01-30', '12:47:44', 'Almuerzo', '0.00'),
(395, 207, '2023-01-30', '12:51:56', 'Almuerzo', '0.00'),
(396, 134, '2023-01-30', '12:55:52', 'Almuerzo', '0.00'),
(397, 303, '2023-01-30', '12:56:12', 'Almuerzo', '0.00'),
(398, 291, '2023-01-30', '12:56:23', 'Almuerzo', '0.00'),
(399, 75, '2023-01-30', '12:59:53', 'Almuerzo', '0.00'),
(400, 714, '2023-01-30', '13:03:43', 'Almuerzo', '0.00'),
(401, 733, '2023-01-30', '13:07:48', 'Almuerzo', '0.00'),
(402, 285, '2023-01-30', '13:07:55', 'Almuerzo', '0.00'),
(403, 737, '2023-01-30', '13:14:33', 'Almuerzo', '0.00'),
(404, 665, '2023-01-30', '13:30:19', 'Almuerzo', '0.00'),
(405, 700, '2023-01-30', '14:04:12', 'Almuerzo', '0.00'),
(406, 87, '2023-01-31', '11:59:31', 'Almuerzo', '0.00'),
(407, 742, '2023-01-31', '11:59:50', 'Almuerzo', '0.00'),
(408, 640, '2023-01-31', '12:00:12', 'Almuerzo', '0.00'),
(409, 186, '2023-01-31', '12:00:19', 'Almuerzo', '0.00'),
(410, 734, '2023-01-31', '12:02:12', 'Almuerzo', '0.00'),
(411, 925, '2023-01-31', '12:05:48', 'Almuerzo', '0.00'),
(412, 722, '2023-01-31', '12:06:04', 'Almuerzo', '0.00'),
(413, 928, '2023-01-31', '12:06:37', 'Almuerzo', '0.00'),
(414, 825, '2023-01-31', '12:07:08', 'Almuerzo', '0.00'),
(415, 714, '2023-01-31', '12:08:48', 'Almuerzo', '0.00'),
(416, 339, '2023-01-31', '12:09:22', 'Almuerzo', '0.00'),
(417, 690, '2023-01-31', '12:21:06', 'Almuerzo', '0.00'),
(418, 774, '2023-01-31', '12:24:33', 'Almuerzo', '0.00'),
(419, 367, '2023-01-31', '12:24:43', 'Almuerzo', '0.00'),
(420, 110, '2023-01-31', '12:25:21', 'Almuerzo', '0.00'),
(421, 775, '2023-01-31', '12:27:23', 'Almuerzo', '0.00'),
(422, 207, '2023-01-31', '12:28:01', 'Almuerzo', '0.00'),
(423, 858, '2023-01-31', '12:29:02', 'Almuerzo', '0.00'),
(424, 75, '2023-01-31', '12:30:26', 'Almuerzo', '0.00'),
(425, 303, '2023-01-31', '12:31:32', 'Almuerzo', '0.00'),
(426, 326, '2023-01-31', '12:35:10', 'Almuerzo', '0.00'),
(427, 700, '2023-01-31', '12:38:03', 'Almuerzo', '0.00'),
(428, 486, '2023-01-31', '12:38:13', 'Almuerzo', '0.00'),
(429, 972, '2023-01-31', '12:39:46', 'Almuerzo', '0.00'),
(430, 920, '2023-01-31', '12:40:46', 'Almuerzo', '0.00'),
(431, 167, '2023-01-31', '12:42:08', 'Almuerzo', '0.00'),
(432, 970, '2023-01-31', '12:42:21', 'Almuerzo', '0.00'),
(433, 345, '2023-01-31', '12:42:40', 'Almuerzo', '0.00'),
(434, 460, '2023-01-31', '12:43:08', 'Almuerzo', '0.00'),
(435, 776, '2023-01-31', '12:46:31', 'Almuerzo', '0.00'),
(436, 426, '2023-01-31', '12:47:02', 'Almuerzo', '0.00'),
(437, 913, '2023-01-31', '12:47:30', 'Almuerzo', '0.00'),
(438, 727, '2023-01-31', '13:01:14', 'Almuerzo', '0.00'),
(439, 275, '2023-01-31', '13:01:25', 'Almuerzo', '0.00'),
(440, 737, '2023-01-31', '13:01:36', 'Almuerzo', '0.00'),
(441, 689, '2023-01-31', '13:02:10', 'Almuerzo', '0.00'),
(442, 235, '2023-01-31', '13:03:18', 'Almuerzo', '0.00'),
(443, 791, '2023-01-31', '13:04:33', 'Almuerzo', '0.00'),
(444, 54, '2023-01-31', '13:04:41', 'Almuerzo', '0.00'),
(445, 705, '2023-01-31', '13:06:28', 'Almuerzo', '0.00'),
(446, 828, '2023-01-31', '13:06:48', 'Almuerzo', '0.00'),
(447, 361, '2023-01-31', '13:06:58', 'Almuerzo', '0.00'),
(448, 220, '2023-01-31', '13:08:31', 'Almuerzo', '0.00'),
(449, 155, '2023-01-31', '13:12:07', 'Almuerzo', '0.00'),
(450, 285, '2023-01-31', '13:42:57', 'Almuerzo', '0.00'),
(451, 291, '2023-02-01', '11:56:31', 'Almuerzo', '0.00'),
(452, 557, '2023-02-01', '11:59:45', 'Almuerzo', '0.00'),
(453, 596, '2023-02-01', '11:59:58', 'Almuerzo', '0.00'),
(454, 680, '2023-02-01', '12:00:12', 'Almuerzo', '0.00'),
(455, 700, '2023-02-01', '12:04:08', 'Almuerzo', '0.00'),
(456, 186, '2023-02-01', '12:04:52', 'Almuerzo', '0.00'),
(457, 640, '2023-02-01', '12:05:55', 'Almuerzo', '0.00'),
(458, 503, '2023-02-01', '12:06:47', 'Almuerzo', '0.00'),
(459, 727, '2023-02-01', '12:07:39', 'Almuerzo', '0.00'),
(460, 416, '2023-02-01', '12:08:11', 'Almuerzo', '0.00'),
(461, 690, '2023-02-01', '12:10:33', 'Almuerzo', '0.00'),
(462, 731, '2023-02-01', '12:10:41', 'Almuerzo', '0.00'),
(463, 741, '2023-02-01', '12:11:18', 'Almuerzo', '0.00'),
(464, 722, '2023-02-01', '12:12:00', 'Almuerzo', '0.00'),
(465, 87, '2023-02-01', '12:13:26', 'Almuerzo', '0.00'),
(466, 575, '2023-02-01', '12:16:59', 'Almuerzo', '0.00'),
(467, 235, '2023-02-01', '12:17:59', 'Almuerzo', '0.00'),
(468, 774, '2023-02-01', '12:18:16', 'Almuerzo', '0.00'),
(469, 39, '2023-02-01', '12:18:24', 'Almuerzo', '0.00'),
(470, 917, '2023-02-01', '12:18:33', 'Almuerzo', '0.00'),
(471, 208, '2023-02-01', '12:18:42', 'Almuerzo', '0.00'),
(472, 275, '2023-02-01', '12:19:52', 'Almuerzo', '0.00'),
(473, 828, '2023-02-01', '12:22:32', 'Almuerzo', '0.00'),
(474, 733, '2023-02-01', '12:27:05', 'Almuerzo', '0.00'),
(475, 264, '2023-02-01', '12:27:15', 'Almuerzo', '0.00'),
(476, 110, '2023-02-01', '12:27:42', 'Almuerzo', '0.00'),
(477, 776, '2023-02-01', '12:34:27', 'Almuerzo', '0.00'),
(478, 920, '2023-02-01', '12:45:35', 'Almuerzo', '0.00'),
(479, 689, '2023-02-01', '12:47:59', 'Almuerzo', '0.00'),
(480, 478, '2023-02-01', '12:50:29', 'Almuerzo', '0.00'),
(481, 775, '2023-02-01', '12:52:13', 'Almuerzo', '0.00'),
(482, 54, '2023-02-01', '12:52:49', 'Almuerzo', '0.00'),
(483, 887, '2023-02-01', '12:53:29', 'Almuerzo', '0.00'),
(484, 972, '2023-02-01', '12:53:54', 'Almuerzo', '0.00'),
(485, 913, '2023-02-01', '12:55:54', 'Almuerzo', '0.00'),
(486, 486, '2023-02-01', '12:56:05', 'Almuerzo', '0.00'),
(487, 970, '2023-02-01', '12:58:27', 'Almuerzo', '0.00'),
(488, 460, '2023-02-01', '12:58:36', 'Almuerzo', '0.00'),
(489, 326, '2023-02-01', '12:59:28', 'Almuerzo', '0.00'),
(490, 220, '2023-02-01', '13:04:08', 'Almuerzo', '0.00'),
(491, 358, '2023-02-01', '13:08:06', 'Almuerzo', '0.00'),
(492, 791, '2023-02-01', '13:16:04', 'Almuerzo', '0.00'),
(493, 722, '2023-02-02', '12:00:33', 'Almuerzo', '0.00'),
(494, 713, '2023-02-02', '12:05:59', 'Almuerzo', '0.00'),
(495, 69, '2023-02-02', '12:08:39', 'Almuerzo', '0.00'),
(496, 774, '2023-02-02', '12:13:51', 'Almuerzo', '0.00'),
(497, 825, '2023-02-02', '12:14:05', 'Almuerzo', '0.00'),
(498, 767, '2023-02-02', '12:14:20', 'Almuerzo', '0.00'),
(499, 789, '2023-02-02', '12:18:07', 'Almuerzo', '0.00'),
(500, 791, '2023-02-02', '12:19:12', 'Almuerzo', '0.00'),
(501, 87, '2023-02-02', '12:24:25', 'Almuerzo', '0.00'),
(502, 275, '2023-02-02', '12:26:20', 'Almuerzo', '0.00'),
(503, 207, '2023-02-02', '12:26:50', 'Almuerzo', '0.00'),
(504, 525, '2023-02-02', '12:27:57', 'Almuerzo', '0.00'),
(505, 75, '2023-02-02', '12:28:07', 'Almuerzo', '0.00'),
(506, 899, '2023-02-02', '12:29:37', 'Almuerzo', '0.00'),
(507, 358, '2023-02-02', '12:29:43', 'Almuerzo', '0.00'),
(508, 851, '2023-02-02', '12:32:45', 'Almuerzo', '0.00'),
(509, 714, '2023-02-02', '12:33:03', 'Almuerzo', '0.00'),
(510, 810, '2023-02-02', '12:33:20', 'Almuerzo', '0.00'),
(511, 346, '2023-02-02', '12:33:58', 'Almuerzo', '0.00'),
(512, 970, '2023-02-02', '12:34:05', 'Almuerzo', '0.00'),
(513, 460, '2023-02-02', '12:34:28', 'Almuerzo', '0.00'),
(514, 271, '2023-02-02', '12:37:32', 'Almuerzo', '0.00'),
(515, 915, '2023-02-02', '12:38:01', 'Almuerzo', '0.00'),
(516, 741, '2023-02-02', '12:39:34', 'Almuerzo', '0.00'),
(517, 160, '2023-02-02', '12:41:36', 'Almuerzo', '0.00'),
(518, 689, '2023-02-02', '12:44:24', 'Almuerzo', '0.00'),
(519, 41, '2023-02-02', '12:44:38', 'Almuerzo', '0.00'),
(520, 52, '2023-02-02', '12:57:40', 'Almuerzo', '0.00'),
(521, 700, '2023-02-02', '12:58:54', 'Almuerzo', '0.00'),
(522, 93, '2023-02-02', '13:01:33', 'Almuerzo', '0.00'),
(523, 972, '2023-02-02', '13:02:04', 'Almuerzo', '0.00'),
(524, 326, '2023-02-02', '13:06:56', 'Almuerzo', '0.00'),
(525, 361, '2023-02-02', '13:08:59', 'Almuerzo', '0.00'),
(526, 54, '2023-02-02', '13:09:06', 'Almuerzo', '0.00'),
(527, 523, '2023-02-02', '13:10:24', 'Almuerzo', '0.00'),
(528, 428, '2023-02-02', '13:10:32', 'Almuerzo', '0.00'),
(529, 971, '2023-02-02', '13:11:08', 'Almuerzo', '0.00'),
(530, 531, '2023-02-02', '13:11:55', 'Almuerzo', '0.00'),
(531, 693, '2023-02-02', '13:12:06', 'Almuerzo', '0.00'),
(532, 913, '2023-02-02', '13:18:40', 'Almuerzo', '0.00'),
(533, 155, '2023-02-02', '13:24:19', 'Almuerzo', '0.00'),
(534, 925, '2023-02-02', '13:32:50', 'Almuerzo', '0.00'),
(535, 39, '2023-02-02', '13:36:25', 'Almuerzo', '0.00'),
(536, 917, '2023-02-02', '13:36:35', 'Almuerzo', '0.00'),
(537, 893, '2023-02-02', '14:20:56', 'Almuerzo', '0.00'),
(538, 596, '2023-02-08', '12:03:29', 'Almuerzo', '0.00'),
(539, 491, '2023-02-08', '12:04:03', 'Almuerzo', '0.00'),
(540, 416, '2023-02-08', '12:04:15', 'Almuerzo', '0.00'),
(541, 235, '2023-02-08', '12:04:45', 'Almuerzo', '0.00'),
(542, 87, '2023-02-08', '12:05:26', 'Almuerzo', '0.00'),
(543, 38, '2023-02-08', '12:08:44', 'Almuerzo', '0.00'),
(544, 186, '2023-02-08', '12:08:58', 'Almuerzo', '0.00'),
(545, 208, '2023-02-08', '12:09:12', 'Almuerzo', '0.00'),
(546, 110, '2023-02-08', '12:11:24', 'Almuerzo', '0.00'),
(547, 789, '2023-02-08', '12:12:01', 'Almuerzo', '0.00'),
(548, 774, '2023-02-08', '12:12:19', 'Almuerzo', '0.00'),
(549, 776, '2023-02-08', '12:13:38', 'Almuerzo', '0.00'),
(550, 785, '2023-02-08', '12:14:13', 'Almuerzo', '0.00'),
(551, 346, '2023-02-08', '12:14:52', 'Almuerzo', '0.00'),
(552, 970, '2023-02-08', '12:15:10', 'Almuerzo', '0.00'),
(553, 345, '2023-02-08', '12:17:30', 'Almuerzo', '0.00'),
(554, 460, '2023-02-08', '12:17:43', 'Almuerzo', '0.00'),
(555, 271, '2023-02-08', '12:21:00', 'Almuerzo', '0.00'),
(556, 925, '2023-02-08', '12:22:05', 'Almuerzo', '0.00'),
(557, 339, '2023-02-08', '12:22:17', 'Almuerzo', '0.00'),
(558, 116, '2023-02-08', '12:22:26', 'Almuerzo', '0.00'),
(559, 913, '2023-02-08', '12:25:46', 'Almuerzo', '0.00'),
(560, 700, '2023-02-08', '12:29:48', 'Almuerzo', '0.00'),
(561, 486, '2023-02-08', '12:30:18', 'Almuerzo', '0.00'),
(562, 69, '2023-02-08', '12:31:16', 'Almuerzo', '0.00'),
(563, 971, '2023-02-08', '12:31:56', 'Almuerzo', '0.00'),
(564, 428, '2023-02-08', '12:32:50', 'Almuerzo', '0.00'),
(565, 75, '2023-02-08', '12:34:42', 'Almuerzo', '0.00'),
(566, 160, '2023-02-08', '12:38:27', 'Almuerzo', '0.00'),
(567, 226, '2023-02-08', '12:38:59', 'Almuerzo', '0.00'),
(568, 358, '2023-02-08', '12:39:21', 'Almuerzo', '0.00'),
(569, 690, '2023-02-08', '12:40:33', 'Almuerzo', '0.00'),
(570, 741, '2023-02-08', '12:40:46', 'Almuerzo', '0.00'),
(571, 367, '2023-02-08', '12:41:07', 'Almuerzo', '0.00'),
(572, 893, '2023-02-08', '12:44:05', 'Almuerzo', '0.00'),
(573, 503, '2023-02-08', '12:49:56', 'Almuerzo', '0.00'),
(574, 542, '2023-02-08', '12:56:43', 'Almuerzo', '0.00'),
(575, 693, '2023-02-08', '12:56:51', 'Almuerzo', '0.00'),
(576, 972, '2023-02-08', '12:57:38', 'Almuerzo', '0.00'),
(577, 326, '2023-02-08', '12:58:20', 'Almuerzo', '0.00'),
(578, 791, '2023-02-08', '12:59:19', 'Almuerzo', '0.00'),
(579, 737, '2023-02-08', '13:02:18', 'Almuerzo', '0.00'),
(580, 705, '2023-02-08', '13:03:11', 'Almuerzo', '0.00'),
(581, 858, '2023-02-08', '13:11:57', 'Almuerzo', '0.00'),
(582, 915, '2023-02-08', '13:12:39', 'Almuerzo', '0.00'),
(583, 665, '2023-02-08', '13:13:20', 'Almuerzo', '0.00'),
(584, 575, '2023-02-08', '13:21:45', 'Almuerzo', '0.00'),
(585, 264, '2023-02-08', '13:25:27', 'Almuerzo', '0.00'),
(586, 977, '2023-02-08', '13:35:42', 'Almuerzo', '0.00'),
(587, 271, '2023-02-09', '12:02:45', 'Almuerzo', '0.00'),
(588, 742, '2023-02-09', '12:04:51', 'Almuerzo', '0.00'),
(589, 925, '2023-02-09', '12:07:20', 'Almuerzo', '0.00'),
(590, 734, '2023-02-09', '12:07:34', 'Almuerzo', '0.00'),
(591, 525, '2023-02-09', '12:08:49', 'Almuerzo', '0.00'),
(592, 87, '2023-02-09', '12:09:04', 'Almuerzo', '0.00'),
(593, 705, '2023-02-09', '12:10:47', 'Almuerzo', '0.00'),
(594, 774, '2023-02-09', '12:10:59', 'Almuerzo', '0.00'),
(595, 776, '2023-02-09', '12:11:47', 'Almuerzo', '0.00'),
(596, 225, '2023-02-09', '12:12:05', 'Almuerzo', '0.00'),
(597, 547, '2023-02-09', '12:12:44', 'Almuerzo', '0.00'),
(598, 540, '2023-02-09', '12:12:56', 'Almuerzo', '0.00'),
(599, 689, '2023-02-09', '12:18:05', 'Almuerzo', '0.00'),
(600, 920, '2023-02-09', '12:18:15', 'Almuerzo', '0.00'),
(601, 978, '2023-02-09', '12:20:18', 'Almuerzo', '0.00'),
(602, 503, '2023-02-09', '12:26:35', 'Almuerzo', '0.00'),
(603, 167, '2023-02-09', '12:26:44', 'Almuerzo', '0.00'),
(604, 693, '2023-02-09', '12:26:56', 'Almuerzo', '0.00'),
(605, 741, '2023-02-09', '12:27:21', 'Almuerzo', '0.00'),
(606, 858, '2023-02-09', '12:27:59', 'Almuerzo', '0.00'),
(607, 155, '2023-02-09', '12:33:17', 'Almuerzo', '0.00'),
(608, 714, '2023-02-09', '12:39:27', 'Almuerzo', '0.00'),
(609, 428, '2023-02-09', '12:39:59', 'Almuerzo', '0.00'),
(610, 326, '2023-02-09', '12:40:11', 'Almuerzo', '0.00'),
(611, 971, '2023-02-09', '12:41:00', 'Almuerzo', '0.00'),
(612, 972, '2023-02-09', '12:41:09', 'Almuerzo', '0.00'),
(613, 236, '2023-02-09', '12:42:16', 'Almuerzo', '0.00'),
(614, 358, '2023-02-09', '12:43:00', 'Almuerzo', '0.00'),
(615, 791, '2023-02-09', '12:44:31', 'Almuerzo', '0.00'),
(616, 840, '2023-02-09', '12:44:39', 'Almuerzo', '0.00'),
(617, 575, '2023-02-09', '12:46:16', 'Almuerzo', '0.00'),
(618, 893, '2023-02-09', '12:48:21', 'Almuerzo', '0.00'),
(619, 110, '2023-02-09', '12:48:37', 'Almuerzo', '0.00'),
(620, 339, '2023-02-09', '12:49:03', 'Almuerzo', '0.00'),
(621, 839, '2023-02-09', '12:53:10', 'Almuerzo', '0.00'),
(622, 789, '2023-02-09', '12:55:29', 'Almuerzo', '0.00'),
(623, 700, '2023-02-09', '12:55:50', 'Almuerzo', '0.00'),
(624, 426, '2023-02-09', '12:58:31', 'Almuerzo', '0.00'),
(625, 75, '2023-02-09', '12:59:21', 'Almuerzo', '0.00'),
(626, 41, '2023-02-09', '13:05:47', 'Almuerzo', '0.00'),
(627, 129, '2023-02-09', '13:06:42', 'Almuerzo', '0.00'),
(628, 523, '2023-02-09', '13:07:47', 'Almuerzo', '0.00'),
(629, 531, '2023-02-09', '13:08:26', 'Almuerzo', '0.00'),
(630, 460, '2023-02-09', '13:09:09', 'Almuerzo', '0.00'),
(631, 913, '2023-02-09', '13:09:25', 'Almuerzo', '0.00'),
(632, 339, '2023-02-13', '12:03:37', 'Almuerzo', '0.00'),
(633, 747, '2023-02-13', '12:03:49', 'Almuerzo', '0.00'),
(634, 925, '2023-02-13', '12:04:00', 'Almuerzo', '0.00'),
(635, 176, '2023-02-13', '12:04:15', 'Almuerzo', '0.00'),
(636, 367, '2023-02-13', '12:04:26', 'Almuerzo', '0.00'),
(637, 297, '2023-02-13', '12:05:29', 'Almuerzo', '0.00'),
(638, 640, '2023-02-13', '12:06:27', 'Almuerzo', '0.00'),
(639, 271, '2023-02-13', '12:07:28', 'Almuerzo', '0.00'),
(640, 722, '2023-02-13', '12:07:40', 'Almuerzo', '0.00'),
(641, 774, '2023-02-13', '12:08:49', 'Almuerzo', '0.00'),
(642, 87, '2023-02-13', '12:10:30', 'Almuerzo', '0.00'),
(643, 575, '2023-02-13', '12:11:23', 'Almuerzo', '0.00'),
(644, 416, '2023-02-13', '12:14:20', 'Almuerzo', '0.00'),
(645, 167, '2023-02-13', '12:27:37', 'Almuerzo', '0.00'),
(646, 970, '2023-02-13', '12:27:56', 'Almuerzo', '0.00'),
(647, 689, '2023-02-13', '12:29:00', 'Almuerzo', '0.00'),
(648, 971, '2023-02-13', '12:30:04', 'Almuerzo', '0.00'),
(649, 714, '2023-02-13', '12:30:37', 'Almuerzo', '0.00'),
(650, 75, '2023-02-13', '12:30:48', 'Almuerzo', '0.00'),
(651, 705, '2023-02-13', '12:31:03', 'Almuerzo', '0.00'),
(652, 478, '2023-02-13', '12:33:28', 'Almuerzo', '0.00'),
(653, 741, '2023-02-13', '12:35:10', 'Almuerzo', '0.00'),
(654, 557, '2023-02-13', '12:36:30', 'Almuerzo', '0.00'),
(655, 680, '2023-02-13', '12:37:39', 'Almuerzo', '0.00'),
(656, 693, '2023-02-13', '12:38:29', 'Almuerzo', '0.00'),
(657, 700, '2023-02-13', '12:42:52', 'Almuerzo', '0.00'),
(658, 977, '2023-02-13', '12:43:07', 'Almuerzo', '0.00'),
(659, 429, '2023-02-13', '13:08:05', 'Almuerzo', '0.00'),
(660, 204, '2023-02-13', '13:08:15', 'Almuerzo', '0.00'),
(661, 54, '2023-02-13', '13:08:24', 'Almuerzo', '0.00'),
(662, 358, '2023-02-13', '13:09:04', 'Almuerzo', '0.00'),
(663, 913, '2023-02-13', '13:13:57', 'Almuerzo', '0.00'),
(664, 486, '2023-02-13', '13:20:50', 'Almuerzo', '0.00'),
(665, 93, '2023-02-13', '13:25:19', 'Almuerzo', '0.00'),
(666, 460, '2023-02-13', '13:25:45', 'Almuerzo', '0.00'),
(667, 737, '2023-02-13', '13:38:42', 'Almuerzo', '0.00'),
(668, 978, '2023-02-13', '13:40:54', 'Almuerzo', '0.00'),
(669, 368, '2023-02-13', '14:07:32', 'Almuerzo', '0.00'),
(670, 680, '2023-02-14', '11:56:28', 'Almuerzo', '0.00'),
(671, 596, '2023-02-14', '11:56:40', 'Almuerzo', '0.00'),
(672, 734, '2023-02-14', '11:58:30', 'Almuerzo', '0.00'),
(673, 339, '2023-02-14', '11:58:41', 'Almuerzo', '0.00'),
(674, 925, '2023-02-14', '11:58:52', 'Almuerzo', '0.00'),
(675, 525, '2023-02-14', '12:01:43', 'Almuerzo', '0.00'),
(676, 774, '2023-02-14', '12:02:03', 'Almuerzo', '0.00'),
(677, 426, '2023-02-14', '12:02:17', 'Almuerzo', '0.00'),
(678, 978, '2023-02-14', '12:02:33', 'Almuerzo', '0.00'),
(679, 640, '2023-02-14', '12:05:24', 'Almuerzo', '0.00'),
(680, 810, '2023-02-14', '12:05:47', 'Almuerzo', '0.00'),
(681, 486, '2023-02-14', '12:10:31', 'Almuerzo', '0.00'),
(682, 970, '2023-02-14', '12:18:42', 'Almuerzo', '0.00'),
(683, 460, '2023-02-14', '12:18:51', 'Almuerzo', '0.00'),
(684, 785, '2023-02-14', '12:19:02', 'Almuerzo', '0.00'),
(685, 167, '2023-02-14', '12:21:06', 'Almuerzo', '0.00'),
(686, 491, '2023-02-14', '12:21:44', 'Almuerzo', '0.00'),
(687, 714, '2023-02-14', '12:22:49', 'Almuerzo', '0.00'),
(688, 791, '2023-02-14', '12:28:36', 'Almuerzo', '0.00'),
(689, 789, '2023-02-14', '12:28:49', 'Almuerzo', '0.00'),
(690, 693, '2023-02-14', '12:29:15', 'Almuerzo', '0.00'),
(691, 689, '2023-02-14', '12:32:33', 'Almuerzo', '0.00'),
(692, 741, '2023-02-14', '12:36:43', 'Almuerzo', '0.00'),
(693, 87, '2023-02-14', '12:40:58', 'Almuerzo', '0.00'),
(694, 839, '2023-02-14', '12:41:32', 'Almuerzo', '0.00'),
(695, 275, '2023-02-14', '12:42:24', 'Almuerzo', '0.00'),
(696, 858, '2023-02-14', '12:45:20', 'Almuerzo', '0.00'),
(697, 155, '2023-02-14', '12:47:44', 'Almuerzo', '0.00'),
(698, 129, '2023-02-14', '12:48:23', 'Almuerzo', '0.00'),
(699, 41, '2023-02-14', '12:48:27', 'Almuerzo', '0.00'),
(700, 595, '2023-02-14', '12:51:59', 'Almuerzo', '0.00'),
(701, 358, '2023-02-14', '12:52:23', 'Almuerzo', '0.00'),
(702, 208, '2023-02-14', '12:52:56', 'Almuerzo', '0.00'),
(703, 116, '2023-02-14', '12:55:07', 'Almuerzo', '0.00'),
(704, 235, '2023-02-14', '12:56:58', 'Almuerzo', '0.00'),
(705, 110, '2023-02-14', '12:57:08', 'Almuerzo', '0.00'),
(706, 326, '2023-02-14', '12:57:46', 'Almuerzo', '0.00'),
(707, 972, '2023-02-14', '12:57:53', 'Almuerzo', '0.00'),
(708, 915, '2023-02-14', '13:00:15', 'Almuerzo', '0.00'),
(709, 737, '2023-02-14', '13:02:28', 'Almuerzo', '0.00'),
(710, 776, '2023-02-14', '13:07:22', 'Almuerzo', '0.00'),
(711, 236, '2023-02-14', '13:08:14', 'Almuerzo', '0.00'),
(712, 361, '2023-02-14', '13:09:02', 'Almuerzo', '0.00'),
(713, 977, '2023-02-14', '13:09:50', 'Almuerzo', '0.00'),
(714, 700, '2023-02-14', '13:11:30', 'Almuerzo', '0.00'),
(715, 523, '2023-02-14', '13:11:47', 'Almuerzo', '0.00'),
(716, 531, '2023-02-14', '13:12:08', 'Almuerzo', '0.00'),
(717, 428, '2023-02-14', '13:57:37', 'Almuerzo', '0.00'),
(718, 971, '2023-02-14', '14:02:10', 'Almuerzo', '0.00'),
(719, 640, '2023-02-15', '12:06:28', 'Almuerzo', '0.00'),
(720, 38, '2023-02-15', '12:06:48', 'Almuerzo', '0.00'),
(721, 540, '2023-02-15', '12:06:58', 'Almuerzo', '0.00'),
(722, 547, '2023-02-15', '12:07:17', 'Almuerzo', '0.00'),
(723, 737, '2023-02-15', '12:08:00', 'Almuerzo', '0.00'),
(724, 339, '2023-02-15', '12:08:31', 'Almuerzo', '0.00'),
(725, 978, '2023-02-15', '12:08:59', 'Almuerzo', '0.00'),
(726, 416, '2023-02-15', '12:17:47', 'Almuerzo', '0.00'),
(727, 110, '2023-02-15', '12:18:44', 'Almuerzo', '0.00'),
(728, 87, '2023-02-15', '12:19:07', 'Almuerzo', '0.00'),
(729, 791, '2023-02-15', '12:24:36', 'Almuerzo', '0.00'),
(730, 503, '2023-02-15', '12:24:55', 'Almuerzo', '0.00'),
(731, 285, '2023-02-15', '12:25:38', 'Almuerzo', '0.00'),
(732, 291, '2023-02-15', '12:26:04', 'Almuerzo', '0.00'),
(733, 41, '2023-02-15', '12:30:12', 'Almuerzo', '0.00'),
(734, 741, '2023-02-15', '12:32:13', 'Almuerzo', '0.00'),
(735, 275, '2023-02-15', '12:34:01', 'Almuerzo', '0.00'),
(736, 933, '2023-02-15', '12:35:10', 'Almuerzo', '0.00'),
(737, 271, '2023-02-15', '12:35:18', 'Almuerzo', '0.00'),
(738, 186, '2023-02-15', '12:35:26', 'Almuerzo', '0.00'),
(739, 693, '2023-02-15', '12:36:38', 'Almuerzo', '0.00'),
(740, 303, '2023-02-15', '12:49:29', 'Almuerzo', '0.00'),
(741, 727, '2023-02-15', '12:55:01', 'Almuerzo', '0.00'),
(742, 977, '2023-02-15', '12:55:57', 'Almuerzo', '0.00'),
(743, 326, '2023-02-15', '12:57:33', 'Almuerzo', '0.00'),
(744, 972, '2023-02-15', '12:57:38', 'Almuerzo', '0.00'),
(745, 54, '2023-02-15', '12:58:09', 'Almuerzo', '0.00'),
(746, 689, '2023-02-15', '13:03:42', 'Almuerzo', '0.00'),
(747, 970, '2023-02-15', '13:04:46', 'Almuerzo', '0.00'),
(748, 460, '2023-02-15', '13:05:03', 'Almuerzo', '0.00'),
(749, 345, '2023-02-15', '13:05:46', 'Almuerzo', '0.00'),
(750, 361, '2023-02-15', '13:08:34', 'Almuerzo', '0.00'),
(751, 220, '2023-02-15', '13:09:50', 'Almuerzo', '0.00'),
(752, 297, '2023-02-15', '13:18:40', 'Almuerzo', '0.00'),
(753, 713, '2023-02-15', '13:19:28', 'Almuerzo', '0.00'),
(754, 428, '2023-02-15', '13:37:45', 'Almuerzo', '0.00'),
(755, 971, '2023-02-15', '13:37:54', 'Almuerzo', '0.00'),
(756, 167, '2023-02-15', '13:38:13', 'Almuerzo', '0.00'),
(757, 480, '2023-02-15', '13:38:36', 'Almuerzo', '0.00'),
(758, 346, '2023-02-16', '12:02:08', 'Almuerzo', '0.00'),
(759, 345, '2023-02-16', '12:02:49', 'Almuerzo', '0.00'),
(760, 367, '2023-02-16', '12:03:02', 'Almuerzo', '0.00'),
(761, 701, '2023-02-16', '12:03:26', 'Almuerzo', '0.00'),
(762, 742, '2023-02-16', '12:03:50', 'Almuerzo', '0.00'),
(763, 640, '2023-02-16', '12:04:48', 'Almuerzo', '0.00'),
(764, 810, '2023-02-16', '12:06:37', 'Almuerzo', '0.00'),
(765, 291, '2023-02-16', '12:06:58', 'Almuerzo', '0.00'),
(766, 925, '2023-02-16', '12:10:00', 'Almuerzo', '0.00'),
(767, 87, '2023-02-16', '12:10:35', 'Almuerzo', '0.00'),
(768, 557, '2023-02-16', '12:16:34', 'Almuerzo', '0.00'),
(769, 596, '2023-02-16', '12:16:48', 'Almuerzo', '0.00'),
(770, 235, '2023-02-16', '12:16:59', 'Almuerzo', '0.00'),
(771, 208, '2023-02-16', '12:17:09', 'Almuerzo', '0.00'),
(772, 75, '2023-02-16', '12:21:22', 'Almuerzo', '0.00'),
(773, 525, '2023-02-16', '12:21:36', 'Almuerzo', '0.00'),
(774, 722, '2023-02-16', '12:23:14', 'Almuerzo', '0.00'),
(775, 275, '2023-02-16', '12:24:05', 'Almuerzo', '0.00'),
(776, 727, '2023-02-16', '12:25:09', 'Almuerzo', '0.00'),
(777, 977, '2023-02-16', '12:25:51', 'Almuerzo', '0.00'),
(778, 825, '2023-02-16', '12:38:30', 'Almuerzo', '0.00'),
(779, 705, '2023-02-16', '12:38:49', 'Almuerzo', '0.00'),
(780, 689, '2023-02-16', '12:40:55', 'Almuerzo', '0.00'),
(781, 693, '2023-02-16', '12:42:50', 'Almuerzo', '0.00'),
(782, 542, '2023-02-16', '12:42:58', 'Almuerzo', '0.00'),
(783, 503, '2023-02-16', '12:44:32', 'Almuerzo', '0.00'),
(784, 839, '2023-02-16', '12:51:02', 'Almuerzo', '0.00'),
(785, 550, '2023-02-16', '12:54:56', 'Almuerzo', '0.00'),
(786, 102, '2023-02-16', '12:55:08', 'Almuerzo', '0.00'),
(787, 978, '2023-02-16', '12:55:19', 'Almuerzo', '0.00'),
(788, 789, '2023-02-16', '12:55:47', 'Almuerzo', '0.00'),
(789, 358, '2023-02-16', '12:56:01', 'Almuerzo', '0.00'),
(790, 326, '2023-02-16', '12:58:49', 'Almuerzo', '0.00'),
(791, 972, '2023-02-16', '12:59:06', 'Almuerzo', '0.00'),
(792, 675, '2023-02-16', '13:04:06', 'Almuerzo', '0.00'),
(793, 523, '2023-02-16', '13:04:15', 'Almuerzo', '0.00'),
(794, 531, '2023-02-16', '13:04:28', 'Almuerzo', '0.00'),
(795, 574, '2023-02-16', '13:04:44', 'Almuerzo', '0.00'),
(796, 970, '2023-02-16', '13:05:16', 'Almuerzo', '0.00'),
(797, 460, '2023-02-16', '13:05:28', 'Almuerzo', '0.00'),
(798, 220, '2023-02-16', '13:07:50', 'Almuerzo', '0.00'),
(799, 129, '2023-02-16', '13:11:58', 'Almuerzo', '0.00'),
(800, 665, '2023-02-16', '13:12:15', 'Almuerzo', '0.00'),
(801, 893, '2023-02-16', '13:20:18', 'Almuerzo', '0.00'),
(802, 236, '2023-02-16', '13:20:27', 'Almuerzo', '0.00'),
(803, 690, '2023-02-16', '13:23:54', 'Almuerzo', '0.00'),
(804, 271, '2023-02-16', '13:25:47', 'Almuerzo', '0.00'),
(805, 933, '2023-02-16', '13:31:13', 'Almuerzo', '0.00'),
(806, 297, '2023-02-16', '13:44:41', 'Almuerzo', '0.00'),
(807, 717, '2023-02-16', '14:01:04', 'Almuerzo', '0.00'),
(808, 503, '2023-02-22', '11:59:52', 'Almuerzo', '0.00'),
(809, 75, '2023-02-22', '12:01:02', 'Almuerzo', '0.00'),
(810, 734, '2023-02-22', '12:01:13', 'Almuerzo', '0.00'),
(811, 925, '2023-02-22', '12:02:19', 'Almuerzo', '0.00'),
(812, 774, '2023-02-22', '12:07:08', 'Almuerzo', '0.00'),
(813, 785, '2023-02-22', '12:08:07', 'Almuerzo', '0.00'),
(814, 557, '2023-02-22', '12:08:42', 'Almuerzo', '0.00'),
(815, 596, '2023-02-22', '12:09:02', 'Almuerzo', '0.00'),
(816, 680, '2023-02-22', '12:10:19', 'Almuerzo', '0.00'),
(817, 547, '2023-02-22', '12:10:41', 'Almuerzo', '0.00'),
(818, 160, '2023-02-22', '12:11:00', 'Almuerzo', '0.00'),
(819, 977, '2023-02-22', '12:15:24', 'Almuerzo', '0.00'),
(820, 87, '2023-02-22', '12:16:13', 'Almuerzo', '0.00'),
(821, 978, '2023-02-22', '12:17:42', 'Almuerzo', '0.00'),
(822, 767, '2023-02-22', '12:22:48', 'Almuerzo', '0.00'),
(823, 491, '2023-02-22', '12:25:02', 'Almuerzo', '0.00'),
(824, 275, '2023-02-22', '12:27:00', 'Almuerzo', '0.00'),
(825, 741, '2023-02-22', '12:34:07', 'Almuerzo', '0.00'),
(826, 689, '2023-02-22', '12:35:25', 'Almuerzo', '0.00'),
(827, 368, '2023-02-22', '12:35:34', 'Almuerzo', '0.00'),
(828, 920, '2023-02-22', '12:35:49', 'Almuerzo', '0.00'),
(829, 186, '2023-02-22', '12:36:17', 'Almuerzo', '0.00'),
(830, 271, '2023-02-22', '12:40:32', 'Almuerzo', '0.00'),
(831, 733, '2023-02-22', '12:44:29', 'Almuerzo', '0.00'),
(832, 285, '2023-02-22', '12:45:27', 'Almuerzo', '0.00'),
(833, 693, '2023-02-22', '12:46:48', 'Almuerzo', '0.00'),
(834, 428, '2023-02-22', '12:53:10', 'Almuerzo', '0.00'),
(835, 460, '2023-02-22', '12:53:51', 'Almuerzo', '0.00'),
(836, 700, '2023-02-22', '12:55:54', 'Almuerzo', '0.00'),
(837, 858, '2023-02-22', '12:56:05', 'Almuerzo', '0.00'),
(838, 542, '2023-02-22', '12:56:17', 'Almuerzo', '0.00'),
(839, 525, '2023-02-22', '12:57:22', 'Almuerzo', '0.00'),
(840, 705, '2023-02-22', '12:58:32', 'Almuerzo', '0.00'),
(841, 737, '2023-02-22', '12:58:42', 'Almuerzo', '0.00'),
(842, 326, '2023-02-22', '13:00:55', 'Almuerzo', '0.00'),
(843, 972, '2023-02-22', '13:01:07', 'Almuerzo', '0.00'),
(844, 110, '2023-02-22', '13:01:32', 'Almuerzo', '0.00'),
(845, 358, '2023-02-22', '13:02:28', 'Almuerzo', '0.00'),
(846, 429, '2023-02-22', '13:02:38', 'Almuerzo', '0.00'),
(847, 361, '2023-02-22', '13:03:55', 'Almuerzo', '0.00'),
(848, 757, '2023-02-22', '13:04:45', 'Almuerzo', '0.00'),
(849, 134, '2023-02-22', '13:05:39', 'Almuerzo', '0.00'),
(850, 235, '2023-02-22', '13:26:56', 'Almuerzo', '0.00'),
(851, 867, '2023-02-22', '14:02:03', 'Almuerzo', '0.00'),
(852, 41, '2023-02-22', '14:06:23', 'Almuerzo', '0.00'),
(853, 428, '2023-02-23', '11:54:34', 'Almuerzo', '0.00'),
(854, 971, '2023-02-23', '11:54:46', 'Almuerzo', '0.00'),
(855, 460, '2023-02-23', '11:54:56', 'Almuerzo', '0.00'),
(856, 700, '2023-02-23', '12:03:32', 'Almuerzo', '0.00'),
(857, 486, '2023-02-23', '12:03:42', 'Almuerzo', '0.00'),
(858, 925, '2023-02-23', '12:06:14', 'Almuerzo', '0.00'),
(859, 225, '2023-02-23', '12:07:04', 'Almuerzo', '0.00'),
(860, 774, '2023-02-23', '12:07:27', 'Almuerzo', '0.00'),
(861, 714, '2023-02-23', '12:13:16', 'Almuerzo', '0.00'),
(862, 978, '2023-02-23', '12:13:32', 'Almuerzo', '0.00'),
(863, 75, '2023-02-23', '12:14:01', 'Almuerzo', '0.00'),
(864, 928, '2023-02-23', '12:16:11', 'Almuerzo', '0.00'),
(865, 970, '2023-02-23', '12:21:42', 'Almuerzo', '0.00'),
(866, 345, '2023-02-23', '12:21:51', 'Almuerzo', '0.00'),
(867, 913, '2023-02-23', '12:22:08', 'Almuerzo', '0.00'),
(868, 814, '2023-02-23', '12:24:06', 'Almuerzo', '0.00'),
(869, 87, '2023-02-23', '12:24:20', 'Almuerzo', '0.00'),
(870, 776, '2023-02-23', '12:25:34', 'Almuerzo', '0.00'),
(871, 977, '2023-02-23', '12:32:14', 'Almuerzo', '0.00'),
(872, 789, '2023-02-23', '12:33:11', 'Almuerzo', '0.00'),
(873, 303, '2023-02-23', '12:33:52', 'Almuerzo', '0.00'),
(874, 722, '2023-02-23', '12:34:34', 'Almuerzo', '0.00'),
(875, 858, '2023-02-23', '12:35:26', 'Almuerzo', '0.00'),
(876, 160, '2023-02-23', '12:36:25', 'Almuerzo', '0.00'),
(877, 358, '2023-02-23', '12:36:48', 'Almuerzo', '0.00'),
(878, 810, '2023-02-23', '12:44:33', 'Almuerzo', '0.00'),
(879, 741, '2023-02-23', '12:45:42', 'Almuerzo', '0.00'),
(880, 326, '2023-02-23', '12:55:06', 'Almuerzo', '0.00'),
(881, 972, '2023-02-23', '12:55:15', 'Almuerzo', '0.00'),
(882, 737, '2023-02-23', '12:57:38', 'Almuerzo', '0.00'),
(883, 478, '2023-02-23', '13:01:57', 'Almuerzo', '0.00'),
(884, 523, '2023-02-23', '13:06:34', 'Almuerzo', '0.00'),
(885, 531, '2023-02-23', '13:08:11', 'Almuerzo', '0.00'),
(886, 839, '2023-02-23', '13:09:47', 'Almuerzo', '0.00'),
(887, 693, '2023-02-23', '13:10:58', 'Almuerzo', '0.00'),
(888, 155, '2023-02-23', '13:14:50', 'Almuerzo', '0.00'),
(889, 705, '2023-02-23', '13:16:34', 'Almuerzo', '0.00'),
(890, 734, '2023-02-23', '13:16:47', 'Almuerzo', '0.00'),
(891, 689, '2023-02-23', '13:19:50', 'Almuerzo', '0.00'),
(892, 867, '2023-02-23', '13:21:17', 'Almuerzo', '0.00'),
(893, 271, '2023-02-23', '13:56:05', 'Almuerzo', '0.00'),
(894, 640, '2023-02-27', '11:58:36', 'Almuerzo', '0.00'),
(895, 722, '2023-02-27', '11:58:46', 'Almuerzo', '0.00'),
(896, 271, '2023-02-27', '12:02:35', 'Almuerzo', '0.00'),
(897, 491, '2023-02-27', '12:04:59', 'Almuerzo', '0.00'),
(898, 503, '2023-02-27', '12:05:50', 'Almuerzo', '0.00'),
(899, 87, '2023-02-27', '12:06:39', 'Almuerzo', '0.00'),
(900, 557, '2023-02-27', '12:07:02', 'Almuerzo', '0.00'),
(901, 680, '2023-02-27', '12:07:11', 'Almuerzo', '0.00'),
(902, 925, '2023-02-27', '12:11:46', 'Almuerzo', '0.00'),
(903, 978, '2023-02-27', '12:11:52', 'Almuerzo', '0.00'),
(904, 339, '2023-02-27', '12:12:02', 'Almuerzo', '0.00'),
(905, 713, '2023-02-27', '12:26:42', 'Almuerzo', '0.00'),
(906, 705, '2023-02-27', '12:29:49', 'Almuerzo', '0.00'),
(907, 693, '2023-02-27', '12:30:58', 'Almuerzo', '0.00'),
(908, 167, '2023-02-27', '12:32:40', 'Almuerzo', '0.00'),
(909, 970, '2023-02-27', '12:32:48', 'Almuerzo', '0.00'),
(910, 741, '2023-02-27', '12:34:37', 'Almuerzo', '0.00'),
(911, 160, '2023-02-27', '12:38:22', 'Almuerzo', '0.00'),
(912, 358, '2023-02-27', '12:38:28', 'Almuerzo', '0.00'),
(913, 93, '2023-02-27', '12:39:20', 'Almuerzo', '0.00'),
(914, 977, '2023-02-27', '12:40:15', 'Almuerzo', '0.00');
INSERT INTO `consumos` (`id`, `cliId`, `fecha`, `hora`, `tipo`, `precio`) VALUES
(915, 486, '2023-02-27', '12:40:40', 'Almuerzo', '0.00'),
(916, 825, '2023-02-27', '12:44:17', 'Almuerzo', '0.00'),
(917, 714, '2023-02-27', '12:46:51', 'Almuerzo', '0.00'),
(918, 303, '2023-02-27', '12:57:54', 'Almuerzo', '0.00'),
(919, 733, '2023-02-27', '13:00:49', 'Almuerzo', '0.00'),
(920, 285, '2023-02-27', '13:00:57', 'Almuerzo', '0.00'),
(921, 54, '2023-02-27', '13:02:21', 'Almuerzo', '0.00'),
(922, 665, '2023-02-27', '13:16:27', 'Almuerzo', '0.00'),
(923, 689, '2023-02-27', '13:17:05', 'Almuerzo', '0.00'),
(924, 925, '2023-02-28', '11:59:31', 'Almuerzo', '0.00'),
(925, 734, '2023-02-28', '11:59:43', 'Almuerzo', '0.00'),
(926, 705, '2023-02-28', '12:01:52', 'Almuerzo', '0.00'),
(927, 525, '2023-02-28', '12:02:30', 'Almuerzo', '0.00'),
(928, 700, '2023-02-28', '12:04:33', 'Almuerzo', '0.00'),
(929, 689, '2023-02-28', '12:05:21', 'Almuerzo', '0.00'),
(930, 596, '2023-02-28', '12:06:12', 'Almuerzo', '0.00'),
(931, 235, '2023-02-28', '12:07:55', 'Almuerzo', '0.00'),
(932, 208, '2023-02-28', '12:08:42', 'Almuerzo', '0.00'),
(933, 977, '2023-02-28', '12:10:35', 'Almuerzo', '0.00'),
(934, 542, '2023-02-28', '12:11:44', 'Almuerzo', '0.00'),
(935, 87, '2023-02-28', '12:12:48', 'Almuerzo', '0.00'),
(936, 693, '2023-02-28', '12:12:59', 'Almuerzo', '0.00'),
(937, 776, '2023-02-28', '12:14:06', 'Almuerzo', '0.00'),
(938, 774, '2023-02-28', '12:14:20', 'Almuerzo', '0.00'),
(939, 858, '2023-02-28', '12:18:16', 'Almuerzo', '0.00'),
(940, 737, '2023-02-28', '12:18:24', 'Almuerzo', '0.00'),
(941, 971, '2023-02-28', '12:21:09', 'Almuerzo', '0.00'),
(942, 428, '2023-02-28', '12:22:10', 'Almuerzo', '0.00'),
(943, 460, '2023-02-28', '12:22:21', 'Almuerzo', '0.00'),
(944, 110, '2023-02-28', '12:23:07', 'Almuerzo', '0.00'),
(945, 978, '2023-02-28', '12:23:59', 'Almuerzo', '0.00'),
(946, 275, '2023-02-28', '12:25:08', 'Almuerzo', '0.00'),
(947, 840, '2023-02-28', '12:25:27', 'Almuerzo', '0.00'),
(948, 913, '2023-02-28', '12:25:58', 'Almuerzo', '0.00'),
(949, 920, '2023-02-28', '12:26:13', 'Almuerzo', '0.00'),
(950, 767, '2023-02-28', '12:29:37', 'Almuerzo', '0.00'),
(951, 426, '2023-02-28', '12:31:55', 'Almuerzo', '0.00'),
(952, 722, '2023-02-28', '12:32:08', 'Almuerzo', '0.00'),
(953, 741, '2023-02-28', '12:34:17', 'Almuerzo', '0.00'),
(954, 791, '2023-02-28', '12:37:11', 'Almuerzo', '0.00'),
(955, 236, '2023-02-28', '12:38:57', 'Almuerzo', '0.00'),
(956, 75, '2023-02-28', '12:39:16', 'Almuerzo', '0.00'),
(957, 789, '2023-02-28', '12:44:56', 'Almuerzo', '0.00'),
(958, 155, '2023-02-28', '12:49:08', 'Almuerzo', '0.00'),
(959, 727, '2023-02-28', '12:54:48', 'Almuerzo', '0.00'),
(960, 928, '2023-02-28', '12:55:27', 'Almuerzo', '0.00'),
(961, 839, '2023-02-28', '12:56:50', 'Almuerzo', '0.00'),
(962, 116, '2023-02-28', '13:03:17', 'Almuerzo', '0.00'),
(963, 52, '2023-02-28', '13:04:28', 'Almuerzo', '0.00'),
(964, 358, '2023-02-28', '13:05:33', 'Almuerzo', '0.00'),
(965, 486, '2023-02-28', '13:11:41', 'Almuerzo', '0.00'),
(966, 93, '2023-02-28', '13:12:15', 'Almuerzo', '0.00'),
(967, 917, '2023-02-28', '13:12:32', 'Almuerzo', '0.00'),
(968, 785, '2023-02-28', '13:16:51', 'Almuerzo', '0.00'),
(969, 339, '2023-02-28', '13:36:00', 'Almuerzo', '0.00'),
(970, 39, '2023-02-28', '13:36:24', 'Almuerzo', '0.00'),
(971, 714, '2023-02-28', '13:40:53', 'Almuerzo', '0.00'),
(972, 69, '2023-03-01', '11:59:20', 'Almuerzo', '0.00'),
(973, 87, '2023-03-01', '12:05:30', 'Almuerzo', '0.00'),
(974, 925, '2023-03-01', '12:05:57', 'Almuerzo', '0.00'),
(975, 722, '2023-03-01', '12:06:24', 'Almuerzo', '0.00'),
(976, 774, '2023-03-01', '12:09:31', 'Almuerzo', '0.00'),
(977, 689, '2023-03-01', '12:10:05', 'Almuerzo', '0.00'),
(978, 291, '2023-03-01', '12:12:35', 'Almuerzo', '0.00'),
(979, 346, '2023-03-01', '12:12:52', 'Almuerzo', '0.00'),
(980, 970, '2023-03-01', '12:13:15', 'Almuerzo', '0.00'),
(981, 345, '2023-03-01', '12:13:34', 'Almuerzo', '0.00'),
(982, 978, '2023-03-01', '12:14:33', 'Almuerzo', '0.00'),
(983, 75, '2023-03-01', '12:15:05', 'Almuerzo', '0.00'),
(984, 271, '2023-03-01', '12:28:27', 'Almuerzo', '0.00'),
(985, 971, '2023-03-01', '12:28:39', 'Almuerzo', '0.00'),
(986, 839, '2023-03-01', '12:29:18', 'Almuerzo', '0.00'),
(987, 428, '2023-03-01', '12:30:33', 'Almuerzo', '0.00'),
(988, 167, '2023-03-01', '12:32:01', 'Almuerzo', '0.00'),
(989, 741, '2023-03-01', '12:33:38', 'Almuerzo', '0.00'),
(990, 110, '2023-03-01', '12:38:54', 'Almuerzo', '0.00'),
(991, 339, '2023-03-01', '12:43:04', 'Almuerzo', '0.00'),
(992, 542, '2023-03-01', '12:46:25', 'Almuerzo', '0.00'),
(993, 693, '2023-03-01', '12:46:35', 'Almuerzo', '0.00'),
(994, 236, '2023-03-01', '12:46:54', 'Almuerzo', '0.00'),
(995, 596, '2023-03-01', '12:47:15', 'Almuerzo', '0.00'),
(996, 680, '2023-03-01', '12:47:30', 'Almuerzo', '0.00'),
(997, 208, '2023-03-01', '12:47:50', 'Almuerzo', '0.00'),
(998, 326, '2023-03-01', '12:48:23', 'Almuerzo', '0.00'),
(999, 972, '2023-03-01', '12:48:32', 'Almuerzo', '0.00'),
(1000, 727, '2023-03-01', '12:52:00', 'Almuerzo', '0.00'),
(1001, 160, '2023-03-01', '12:54:43', 'Almuerzo', '0.00'),
(1002, 358, '2023-03-01', '12:54:52', 'Almuerzo', '0.00'),
(1003, 791, '2023-03-01', '12:55:42', 'Almuerzo', '0.00'),
(1004, 361, '2023-03-01', '12:56:20', 'Almuerzo', '0.00'),
(1005, 54, '2023-03-01', '12:57:18', 'Almuerzo', '0.00'),
(1006, 557, '2023-03-01', '12:58:29', 'Almuerzo', '0.00'),
(1007, 503, '2023-03-01', '13:02:09', 'Almuerzo', '0.00'),
(1008, 837, '2023-03-01', '13:05:49', 'Almuerzo', '0.00'),
(1009, 767, '2023-03-01', '13:06:04', 'Almuerzo', '0.00'),
(1010, 460, '2023-03-01', '13:06:13', 'Almuerzo', '0.00'),
(1011, 176, '2023-03-01', '13:08:11', 'Almuerzo', '0.00'),
(1012, 733, '2023-03-01', '13:13:55', 'Almuerzo', '0.00'),
(1013, 665, '2023-03-01', '13:15:58', 'Almuerzo', '0.00'),
(1014, 641, '2023-03-01', '13:26:13', 'Almuerzo', '0.00'),
(1015, 235, '2023-03-01', '13:32:58', 'Almuerzo', '0.00'),
(1016, 640, '2023-03-02', '12:03:36', 'Almuerzo', '0.00'),
(1017, 722, '2023-03-02', '12:03:51', 'Almuerzo', '0.00'),
(1018, 271, '2023-03-02', '12:06:08', 'Almuerzo', '0.00'),
(1019, 503, '2023-03-02', '12:06:57', 'Almuerzo', '0.00'),
(1020, 460, '2023-03-02', '12:08:47', 'Almuerzo', '0.00'),
(1021, 774, '2023-03-02', '12:09:57', 'Almuerzo', '0.00'),
(1022, 87, '2023-03-02', '12:10:37', 'Almuerzo', '0.00'),
(1023, 925, '2023-03-02', '12:17:18', 'Almuerzo', '0.00'),
(1024, 693, '2023-03-02', '12:17:32', 'Almuerzo', '0.00'),
(1025, 971, '2023-03-02', '12:18:40', 'Almuerzo', '0.00'),
(1026, 525, '2023-03-02', '12:20:09', 'Almuerzo', '0.00'),
(1027, 737, '2023-03-02', '12:20:21', 'Almuerzo', '0.00'),
(1028, 705, '2023-03-02', '12:20:47', 'Almuerzo', '0.00'),
(1029, 978, '2023-03-02', '12:21:46', 'Almuerzo', '0.00'),
(1030, 727, '2023-03-02', '12:27:16', 'Almuerzo', '0.00'),
(1031, 110, '2023-03-02', '12:28:27', 'Almuerzo', '0.00'),
(1032, 928, '2023-03-02', '12:28:40', 'Almuerzo', '0.00'),
(1033, 75, '2023-03-02', '12:28:53', 'Almuerzo', '0.00'),
(1034, 837, '2023-03-02', '12:29:06', 'Almuerzo', '0.00'),
(1035, 275, '2023-03-02', '12:29:17', 'Almuerzo', '0.00'),
(1036, 767, '2023-03-02', '12:30:26', 'Almuerzo', '0.00'),
(1037, 741, '2023-03-02', '12:33:20', 'Almuerzo', '0.00'),
(1038, 690, '2023-03-02', '12:34:33', 'Almuerzo', '0.00'),
(1039, 825, '2023-03-02', '12:36:44', 'Almuerzo', '0.00'),
(1040, 155, '2023-03-02', '12:37:27', 'Almuerzo', '0.00'),
(1041, 297, '2023-03-02', '12:38:14', 'Almuerzo', '0.00'),
(1042, 291, '2023-03-02', '12:38:23', 'Almuerzo', '0.00'),
(1043, 257, '2023-03-02', '12:40:55', 'Almuerzo', '0.00'),
(1044, 540, '2023-03-02', '12:42:12', 'Almuerzo', '0.00'),
(1045, 547, '2023-03-02', '12:42:39', 'Almuerzo', '0.00'),
(1046, 478, '2023-03-02', '12:44:30', 'Almuerzo', '0.00'),
(1047, 326, '2023-03-02', '12:49:51', 'Almuerzo', '0.00'),
(1048, 972, '2023-03-02', '12:49:57', 'Almuerzo', '0.00'),
(1049, 236, '2023-03-02', '12:50:05', 'Almuerzo', '0.00'),
(1050, 129, '2023-03-02', '12:51:34', 'Almuerzo', '0.00'),
(1051, 160, '2023-03-02', '12:54:38', 'Almuerzo', '0.00'),
(1052, 285, '2023-03-02', '12:54:52', 'Almuerzo', '0.00'),
(1053, 689, '2023-03-02', '12:58:51', 'Almuerzo', '0.00'),
(1054, 641, '2023-03-02', '12:59:37', 'Almuerzo', '0.00'),
(1055, 714, '2023-03-02', '12:59:51', 'Almuerzo', '0.00'),
(1056, 793, '2023-03-02', '13:02:38', 'Almuerzo', '0.00'),
(1057, 575, '2023-03-02', '13:02:58', 'Almuerzo', '0.00'),
(1058, 93, '2023-03-02', '13:04:36', 'Almuerzo', '0.00'),
(1059, 594, '2023-03-02', '13:05:22', 'Almuerzo', '0.00'),
(1060, 531, '2023-03-02', '13:05:41', 'Almuerzo', '0.00'),
(1061, 523, '2023-03-02', '13:05:53', 'Almuerzo', '0.00'),
(1062, 361, '2023-03-02', '13:06:57', 'Almuerzo', '0.00'),
(1063, 785, '2023-03-02', '13:07:59', 'Almuerzo', '0.00'),
(1064, 640, '2023-03-06', '12:00:45', 'Almuerzo', '0.00'),
(1065, 713, '2023-03-06', '12:00:59', 'Almuerzo', '0.00'),
(1066, 705, '2023-03-06', '12:05:29', 'Almuerzo', '0.00'),
(1067, 416, '2023-03-06', '12:06:26', 'Almuerzo', '0.00'),
(1068, 925, '2023-03-06', '12:07:14', 'Almuerzo', '0.00'),
(1069, 978, '2023-03-06', '12:07:21', 'Almuerzo', '0.00'),
(1070, 87, '2023-03-06', '12:12:18', 'Almuerzo', '0.00'),
(1071, 503, '2023-03-06', '12:12:26', 'Almuerzo', '0.00'),
(1072, 491, '2023-03-06', '12:13:34', 'Almuerzo', '0.00'),
(1073, 575, '2023-03-06', '12:14:21', 'Almuerzo', '0.00'),
(1074, 765, '2023-03-06', '12:14:35', 'Almuerzo', '0.00'),
(1075, 160, '2023-03-06', '12:14:45', 'Almuerzo', '0.00'),
(1076, 226, '2023-03-06', '12:15:01', 'Almuerzo', '0.00'),
(1077, 358, '2023-03-06', '12:17:47', 'Almuerzo', '0.00'),
(1078, 428, '2023-03-06', '12:23:02', 'Almuerzo', '0.00'),
(1079, 971, '2023-03-06', '12:23:11', 'Almuerzo', '0.00'),
(1080, 557, '2023-03-06', '12:31:14', 'Almuerzo', '0.00'),
(1081, 680, '2023-03-06', '12:31:21', 'Almuerzo', '0.00'),
(1082, 970, '2023-03-06', '12:31:43', 'Almuerzo', '0.00'),
(1083, 460, '2023-03-06', '12:31:52', 'Almuerzo', '0.00'),
(1084, 486, '2023-03-06', '12:32:31', 'Almuerzo', '0.00'),
(1085, 700, '2023-03-06', '12:33:13', 'Almuerzo', '0.00'),
(1086, 93, '2023-03-06', '12:33:35', 'Almuerzo', '0.00'),
(1087, 693, '2023-03-06', '12:34:02', 'Almuerzo', '0.00'),
(1088, 741, '2023-03-06', '12:37:23', 'Almuerzo', '0.00'),
(1089, 326, '2023-03-06', '12:43:09', 'Almuerzo', '0.00'),
(1090, 767, '2023-03-06', '12:46:03', 'Almuerzo', '0.00'),
(1091, 54, '2023-03-06', '12:47:12', 'Almuerzo', '0.00'),
(1092, 550, '2023-03-06', '12:47:35', 'Almuerzo', '0.00'),
(1093, 478, '2023-03-06', '12:50:44', 'Almuerzo', '0.00'),
(1094, 275, '2023-03-06', '12:52:45', 'Almuerzo', '0.00'),
(1095, 285, '2023-03-06', '12:53:30', 'Almuerzo', '0.00'),
(1096, 714, '2023-03-06', '12:54:10', 'Almuerzo', '0.00'),
(1097, 641, '2023-03-06', '13:11:13', 'Almuerzo', '0.00'),
(1098, 665, '2023-03-06', '13:13:47', 'Almuerzo', '0.00'),
(1099, 595, '2023-03-06', '13:23:11', 'Almuerzo', '0.00'),
(1100, 134, '2023-03-06', '13:28:04', 'Almuerzo', '0.00'),
(1101, 733, '2023-03-06', '13:39:36', 'Almuerzo', '0.00'),
(1102, 110, '2023-03-06', '13:45:50', 'Almuerzo', '0.00'),
(1103, 825, '2023-03-06', '14:00:56', 'Almuerzo', '0.00'),
(1104, 722, '2023-03-06', '14:07:41', 'Almuerzo', '0.00'),
(1105, 426, '2023-03-07', '11:57:41', 'Almuerzo', '0.00'),
(1106, 186, '2023-03-07', '11:57:51', 'Almuerzo', '0.00'),
(1107, 785, '2023-03-07', '11:58:51', 'Almuerzo', '0.00'),
(1108, 742, '2023-03-07', '11:59:56', 'Almuerzo', '0.00'),
(1109, 701, '2023-03-07', '12:00:06', 'Almuerzo', '0.00'),
(1110, 640, '2023-03-07', '12:00:27', 'Almuerzo', '0.00'),
(1111, 913, '2023-03-07', '12:01:22', 'Almuerzo', '0.00'),
(1112, 722, '2023-03-07', '12:04:56', 'Almuerzo', '0.00'),
(1113, 596, '2023-03-07', '12:07:29', 'Almuerzo', '0.00'),
(1114, 680, '2023-03-07', '12:07:36', 'Almuerzo', '0.00'),
(1115, 225, '2023-03-07', '12:08:31', 'Almuerzo', '0.00'),
(1116, 774, '2023-03-07', '12:08:42', 'Almuerzo', '0.00'),
(1117, 525, '2023-03-07', '12:10:16', 'Almuerzo', '0.00'),
(1118, 925, '2023-03-07', '12:10:36', 'Almuerzo', '0.00'),
(1119, 87, '2023-03-07', '12:11:07', 'Almuerzo', '0.00'),
(1120, 75, '2023-03-07', '12:14:39', 'Almuerzo', '0.00'),
(1121, 978, '2023-03-07', '12:14:46', 'Almuerzo', '0.00'),
(1122, 339, '2023-03-07', '12:18:13', 'Almuerzo', '0.00'),
(1123, 303, '2023-03-07', '12:18:39', 'Almuerzo', '0.00'),
(1124, 693, '2023-03-07', '12:20:24', 'Almuerzo', '0.00'),
(1125, 542, '2023-03-07', '12:20:34', 'Almuerzo', '0.00'),
(1126, 767, '2023-03-07', '12:21:55', 'Almuerzo', '0.00'),
(1127, 714, '2023-03-07', '12:26:37', 'Almuerzo', '0.00'),
(1128, 713, '2023-03-07', '12:27:03', 'Almuerzo', '0.00'),
(1129, 264, '2023-03-07', '12:27:26', 'Almuerzo', '0.00'),
(1130, 285, '2023-03-07', '12:27:34', 'Almuerzo', '0.00'),
(1131, 741, '2023-03-07', '12:35:20', 'Almuerzo', '0.00'),
(1132, 428, '2023-03-07', '12:41:10', 'Almuerzo', '0.00'),
(1133, 460, '2023-03-07', '12:41:19', 'Almuerzo', '0.00'),
(1134, 789, '2023-03-07', '12:41:45', 'Almuerzo', '0.00'),
(1135, 839, '2023-03-07', '12:42:28', 'Almuerzo', '0.00'),
(1136, 235, '2023-03-07', '12:44:45', 'Almuerzo', '0.00'),
(1137, 208, '2023-03-07', '12:45:03', 'Almuerzo', '0.00'),
(1138, 326, '2023-03-07', '12:47:02', 'Almuerzo', '0.00'),
(1139, 972, '2023-03-07', '12:47:15', 'Almuerzo', '0.00'),
(1140, 971, '2023-03-07', '12:48:40', 'Almuerzo', '0.00'),
(1141, 361, '2023-03-07', '12:51:48', 'Almuerzo', '0.00'),
(1142, 915, '2023-03-07', '12:54:50', 'Almuerzo', '0.00'),
(1143, 54, '2023-03-07', '12:56:04', 'Almuerzo', '0.00'),
(1144, 825, '2023-03-07', '12:56:21', 'Almuerzo', '0.00'),
(1145, 129, '2023-03-07', '12:56:38', 'Almuerzo', '0.00'),
(1146, 700, '2023-03-07', '13:00:34', 'Almuerzo', '0.00'),
(1147, 486, '2023-03-07', '13:00:43', 'Almuerzo', '0.00'),
(1148, 358, '2023-03-07', '13:03:23', 'Almuerzo', '0.00'),
(1149, 791, '2023-03-07', '13:03:39', 'Almuerzo', '0.00'),
(1150, 728, '2023-03-07', '13:04:08', 'Almuerzo', '0.00'),
(1151, 705, '2023-03-07', '13:04:21', 'Almuerzo', '0.00'),
(1152, 523, '2023-03-07', '13:09:02', 'Almuerzo', '0.00'),
(1153, 737, '2023-03-07', '13:09:09', 'Almuerzo', '0.00'),
(1154, 531, '2023-03-07', '13:09:25', 'Almuerzo', '0.00'),
(1155, 858, '2023-03-07', '13:09:52', 'Almuerzo', '0.00'),
(1156, 110, '2023-03-07', '13:11:16', 'Almuerzo', '0.00'),
(1157, 236, '2023-03-07', '13:13:45', 'Almuerzo', '0.00'),
(1158, 155, '2023-03-07', '13:17:01', 'Almuerzo', '0.00'),
(1159, 116, '2023-03-07', '13:22:08', 'Almuerzo', '0.00'),
(1160, 345, '2023-03-07', '13:32:51', 'Almuerzo', '0.00'),
(1161, 83, '2023-03-07', '13:36:43', 'Almuerzo', '0.00'),
(1162, 733, '2023-03-07', '13:36:55', 'Almuerzo', '0.00'),
(1163, 581, '2023-03-07', '13:37:14', 'Almuerzo', '0.00'),
(1164, 134, '2023-03-07', '13:37:42', 'Almuerzo', '0.00'),
(1165, 689, '2023-03-07', '13:44:31', 'Almuerzo', '0.00'),
(1166, 640, '2023-03-08', '12:06:23', 'Almuerzo', '0.00'),
(1167, 367, '2023-03-08', '12:06:34', 'Almuerzo', '0.00'),
(1168, 186, '2023-03-08', '12:06:42', 'Almuerzo', '0.00'),
(1169, 460, '2023-03-08', '12:06:51', 'Almuerzo', '0.00'),
(1170, 271, '2023-03-08', '12:07:15', 'Almuerzo', '0.00'),
(1171, 503, '2023-03-08', '12:07:42', 'Almuerzo', '0.00'),
(1172, 689, '2023-03-08', '12:07:59', 'Almuerzo', '0.00'),
(1173, 722, '2023-03-08', '12:10:10', 'Almuerzo', '0.00'),
(1174, 416, '2023-03-08', '12:10:31', 'Almuerzo', '0.00'),
(1175, 339, '2023-03-08', '12:11:11', 'Almuerzo', '0.00'),
(1176, 110, '2023-03-08', '12:11:21', 'Almuerzo', '0.00'),
(1177, 925, '2023-03-08', '12:13:16', 'Almuerzo', '0.00'),
(1178, 978, '2023-03-08', '12:13:26', 'Almuerzo', '0.00'),
(1179, 825, '2023-03-08', '12:14:42', 'Almuerzo', '0.00'),
(1180, 705, '2023-03-08', '12:15:00', 'Almuerzo', '0.00'),
(1181, 75, '2023-03-08', '12:16:50', 'Almuerzo', '0.00'),
(1182, 767, '2023-03-08', '12:17:26', 'Almuerzo', '0.00'),
(1183, 291, '2023-03-08', '12:17:43', 'Almuerzo', '0.00'),
(1184, 225, '2023-03-08', '12:20:25', 'Almuerzo', '0.00'),
(1185, 774, '2023-03-08', '12:20:34', 'Almuerzo', '0.00'),
(1186, 87, '2023-03-08', '12:20:46', 'Almuerzo', '0.00'),
(1187, 775, '2023-03-08', '12:20:54', 'Almuerzo', '0.00'),
(1188, 970, '2023-03-08', '12:21:33', 'Almuerzo', '0.00'),
(1189, 977, '2023-03-08', '12:23:01', 'Almuerzo', '0.00'),
(1190, 160, '2023-03-08', '12:24:44', 'Almuerzo', '0.00'),
(1191, 345, '2023-03-08', '12:24:57', 'Almuerzo', '0.00'),
(1192, 575, '2023-03-08', '12:25:22', 'Almuerzo', '0.00'),
(1193, 358, '2023-03-08', '12:27:00', 'Almuerzo', '0.00'),
(1194, 828, '2023-03-08', '12:31:51', 'Almuerzo', '0.00'),
(1195, 665, '2023-03-08', '12:32:06', 'Almuerzo', '0.00'),
(1196, 913, '2023-03-08', '12:46:19', 'Almuerzo', '0.00'),
(1197, 486, '2023-03-08', '12:47:03', 'Almuerzo', '0.00'),
(1198, 326, '2023-03-08', '12:48:53', 'Almuerzo', '0.00'),
(1199, 972, '2023-03-08', '12:48:59', 'Almuerzo', '0.00'),
(1200, 264, '2023-03-08', '12:51:23', 'Almuerzo', '0.00'),
(1201, 134, '2023-03-08', '12:51:43', 'Almuerzo', '0.00'),
(1202, 839, '2023-03-08', '12:52:48', 'Almuerzo', '0.00'),
(1203, 741, '2023-03-08', '12:54:25', 'Almuerzo', '0.00'),
(1204, 275, '2023-03-08', '12:54:48', 'Almuerzo', '0.00'),
(1205, 257, '2023-03-08', '12:55:11', 'Almuerzo', '0.00'),
(1206, 54, '2023-03-08', '12:55:23', 'Almuerzo', '0.00'),
(1207, 361, '2023-03-08', '12:55:34', 'Almuerzo', '0.00'),
(1208, 789, '2023-03-08', '13:01:41', 'Almuerzo', '0.00'),
(1209, 802, '2023-03-08', '13:01:50', 'Almuerzo', '0.00'),
(1210, 791, '2023-03-08', '13:03:28', 'Almuerzo', '0.00'),
(1211, 129, '2023-03-08', '13:03:41', 'Almuerzo', '0.00'),
(1212, 733, '2023-03-08', '13:03:48', 'Almuerzo', '0.00'),
(1213, 236, '2023-03-08', '13:04:13', 'Almuerzo', '0.00'),
(1214, 920, '2023-03-08', '13:05:02', 'Almuerzo', '0.00'),
(1215, 428, '2023-03-08', '13:12:57', 'Almuerzo', '0.00'),
(1216, 693, '2023-03-08', '13:14:10', 'Almuerzo', '0.00'),
(1217, 641, '2023-03-08', '13:14:26', 'Almuerzo', '0.00'),
(1218, 971, '2023-03-08', '13:14:34', 'Almuerzo', '0.00'),
(1219, 737, '2023-03-08', '13:17:55', 'Almuerzo', '0.00'),
(1220, 980, '2023-03-08', '13:26:09', 'Almuerzo', '0.00'),
(1221, 288, '2023-03-08', '14:02:04', 'Almuerzo', '0.00'),
(1222, 774, '2023-03-09', '12:07:39', 'Almuerzo', '0.00'),
(1223, 785, '2023-03-09', '12:07:57', 'Almuerzo', '0.00'),
(1224, 775, '2023-03-09', '12:08:12', 'Almuerzo', '0.00'),
(1225, 426, '2023-03-09', '12:08:25', 'Almuerzo', '0.00'),
(1226, 271, '2023-03-09', '12:08:43', 'Almuerzo', '0.00'),
(1227, 640, '2023-03-09', '12:11:20', 'Almuerzo', '0.00'),
(1228, 714, '2023-03-09', '12:13:20', 'Almuerzo', '0.00'),
(1229, 575, '2023-03-09', '12:13:29', 'Almuerzo', '0.00'),
(1230, 160, '2023-03-09', '12:13:54', 'Almuerzo', '0.00'),
(1231, 358, '2023-03-09', '12:14:52', 'Almuerzo', '0.00'),
(1232, 52, '2023-03-09', '12:16:07', 'Almuerzo', '0.00'),
(1233, 713, '2023-03-09', '12:16:24', 'Almuerzo', '0.00'),
(1234, 913, '2023-03-09', '12:17:55', 'Almuerzo', '0.00'),
(1235, 722, '2023-03-09', '12:18:59', 'Almuerzo', '0.00'),
(1236, 525, '2023-03-09', '12:20:15', 'Almuerzo', '0.00'),
(1237, 767, '2023-03-09', '12:21:13', 'Almuerzo', '0.00'),
(1238, 791, '2023-03-09', '12:24:39', 'Almuerzo', '0.00'),
(1239, 275, '2023-03-09', '12:30:14', 'Almuerzo', '0.00'),
(1240, 741, '2023-03-09', '12:31:51', 'Almuerzo', '0.00'),
(1241, 977, '2023-03-09', '12:38:07', 'Almuerzo', '0.00'),
(1242, 291, '2023-03-09', '12:41:03', 'Almuerzo', '0.00'),
(1243, 542, '2023-03-09', '12:41:26', 'Almuerzo', '0.00'),
(1244, 531, '2023-03-09', '12:41:40', 'Almuerzo', '0.00'),
(1245, 87, '2023-03-09', '12:44:17', 'Almuerzo', '0.00'),
(1246, 486, '2023-03-09', '12:44:58', 'Almuerzo', '0.00'),
(1247, 971, '2023-03-09', '12:45:06', 'Almuerzo', '0.00'),
(1248, 810, '2023-03-09', '12:48:35', 'Almuerzo', '0.00'),
(1249, 326, '2023-03-09', '13:01:18', 'Almuerzo', '0.00'),
(1250, 972, '2023-03-09', '13:01:24', 'Almuerzo', '0.00'),
(1251, 54, '2023-03-09', '13:02:30', 'Almuerzo', '0.00'),
(1252, 155, '2023-03-09', '13:05:58', 'Almuerzo', '0.00'),
(1253, 134, '2023-03-09', '13:07:28', 'Almuerzo', '0.00'),
(1254, 550, '2023-03-09', '13:08:16', 'Almuerzo', '0.00'),
(1255, 69, '2023-03-09', '13:08:37', 'Almuerzo', '0.00'),
(1256, 361, '2023-03-09', '13:08:45', 'Almuerzo', '0.00'),
(1257, 236, '2023-03-09', '13:09:24', 'Almuerzo', '0.00'),
(1258, 110, '2023-03-09', '13:14:47', 'Almuerzo', '0.00'),
(1259, 478, '2023-03-09', '13:15:03', 'Almuerzo', '0.00'),
(1260, 693, '2023-03-09', '13:15:40', 'Almuerzo', '0.00'),
(1261, 93, '2023-03-09', '13:15:52', 'Almuerzo', '0.00'),
(1262, 557, '2023-03-09', '13:18:03', 'Almuerzo', '0.00'),
(1263, 285, '2023-03-09', '13:26:50', 'Almuerzo', '0.00'),
(1264, 733, '2023-03-09', '13:56:32', 'Almuerzo', '0.00'),
(1265, 640, '2023-03-13', '12:00:23', 'Almuerzo', '0.00'),
(1266, 713, '2023-03-13', '12:00:41', 'Almuerzo', '0.00'),
(1267, 722, '2023-03-13', '12:01:16', 'Almuerzo', '0.00'),
(1268, 680, '2023-03-13', '12:02:43', 'Almuerzo', '0.00'),
(1269, 87, '2023-03-13', '12:02:58', 'Almuerzo', '0.00'),
(1270, 416, '2023-03-13', '12:06:33', 'Almuerzo', '0.00'),
(1271, 747, '2023-03-13', '12:07:19', 'Almuerzo', '0.00'),
(1272, 176, '2023-03-13', '12:07:34', 'Almuerzo', '0.00'),
(1273, 978, '2023-03-13', '12:07:42', 'Almuerzo', '0.00'),
(1274, 503, '2023-03-13', '12:09:46', 'Almuerzo', '0.00'),
(1275, 825, '2023-03-13', '12:11:30', 'Almuerzo', '0.00'),
(1276, 339, '2023-03-13', '12:13:25', 'Almuerzo', '0.00'),
(1277, 925, '2023-03-13', '12:14:47', 'Almuerzo', '0.00'),
(1278, 303, '2023-03-13', '12:15:55', 'Almuerzo', '0.00'),
(1279, 767, '2023-03-13', '12:16:19', 'Almuerzo', '0.00'),
(1280, 297, '2023-03-13', '12:18:04', 'Almuerzo', '0.00'),
(1281, 733, '2023-03-13', '12:21:17', 'Almuerzo', '0.00'),
(1282, 285, '2023-03-13', '12:21:36', 'Almuerzo', '0.00'),
(1283, 134, '2023-03-13', '12:21:59', 'Almuerzo', '0.00'),
(1284, 41, '2023-03-13', '12:22:19', 'Almuerzo', '0.00'),
(1285, 737, '2023-03-13', '12:22:50', 'Almuerzo', '0.00'),
(1286, 575, '2023-03-13', '12:23:17', 'Almuerzo', '0.00'),
(1287, 160, '2023-03-13', '12:24:33', 'Almuerzo', '0.00'),
(1288, 226, '2023-03-13', '12:24:46', 'Almuerzo', '0.00'),
(1289, 358, '2023-03-13', '12:26:30', 'Almuerzo', '0.00'),
(1290, 693, '2023-03-13', '12:28:09', 'Almuerzo', '0.00'),
(1291, 93, '2023-03-13', '12:32:04', 'Almuerzo', '0.00'),
(1292, 828, '2023-03-13', '12:34:04', 'Almuerzo', '0.00'),
(1293, 690, '2023-03-13', '12:36:02', 'Almuerzo', '0.00'),
(1294, 741, '2023-03-13', '12:36:11', 'Almuerzo', '0.00'),
(1295, 970, '2023-03-13', '12:36:19', 'Almuerzo', '0.00'),
(1296, 460, '2023-03-13', '12:36:47', 'Almuerzo', '0.00'),
(1297, 971, '2023-03-13', '12:36:55', 'Almuerzo', '0.00'),
(1298, 689, '2023-03-13', '12:43:33', 'Almuerzo', '0.00'),
(1299, 789, '2023-03-13', '12:48:39', 'Almuerzo', '0.00'),
(1300, 696, '2023-03-13', '12:52:35', 'Almuerzo', '0.00'),
(1301, 478, '2023-03-13', '12:52:44', 'Almuerzo', '0.00'),
(1302, 590, '2023-03-13', '12:53:42', 'Almuerzo', '0.00'),
(1303, 839, '2023-03-13', '13:07:46', 'Almuerzo', '0.00'),
(1304, 604, '2023-03-13', '13:10:01', 'Almuerzo', '0.00'),
(1305, 641, '2023-03-13', '13:11:33', 'Almuerzo', '0.00'),
(1306, 550, '2023-03-13', '13:23:04', 'Almuerzo', '0.00'),
(1307, 368, '2023-03-13', '13:34:51', 'Almuerzo', '0.00'),
(1308, 491, '2023-03-13', '13:51:08', 'Almuerzo', '0.00');

-- --------------------------------------------------------

--
-- Estructura de tabla para la tabla `empresa`
--

CREATE TABLE `empresa` (
  `id` int(11) NOT NULL,
  `nombre` varchar(100) NOT NULL,
  `ruc` varchar(20) DEFAULT NULL,
  `direccion` varchar(200) DEFAULT NULL,
  `estado` varchar(20) DEFAULT NULL
) ENGINE=InnoDB DEFAULT CHARSET=utf8mb4;

--
-- Volcado de datos para la tabla `empresa`
--

INSERT INTO `empresa` (`id`, `nombre`, `ruc`, `direccion`, `estado`) VALUES
(1, 'OTECEL', '', NULL, '1'),
(2, 'PASANTE OTECEL', NULL, NULL, '1'),
(3, 'FUNDACION', NULL, NULL, '1'),
(4, 'FUNDACION PASANTE', NULL, NULL, '1');

-- --------------------------------------------------------

--
-- Estructura de tabla para la tabla `usuarios`
--

CREATE TABLE `usuarios` (
  `id` int(11) NOT NULL,
  `usuario` varchar(200) NOT NULL,
  `clave` varchar(200) NOT NULL,
  `comedor` varchar(50) DEFAULT NULL,
  `estado` varchar(20) DEFAULT NULL
) ENGINE=InnoDB DEFAULT CHARSET=utf8mb4;

--
-- Volcado de datos para la tabla `usuarios`
--

INSERT INTO `usuarios` (`id`, `usuario`, `clave`, `comedor`, `estado`) VALUES
(1, 'ANNILUNCH', 'annilunch', 'MATRIZ', '1');

--
-- Índices para tablas volcadas
--

--
-- Indices de la tabla `clientes`
--
ALTER TABLE `clientes`
  ADD PRIMARY KEY (`id`),
  ADD KEY `empId` (`empId`);

--
-- Indices de la tabla `consumos`
--
ALTER TABLE `consumos`
  ADD PRIMARY KEY (`id`),
  ADD KEY `cliId` (`cliId`);

--
-- Indices de la tabla `empresa`
--
ALTER TABLE `empresa`
  ADD PRIMARY KEY (`id`);

--
-- Indices de la tabla `usuarios`
--
ALTER TABLE `usuarios`
  ADD PRIMARY KEY (`id`);

--
-- AUTO_INCREMENT de las tablas volcadas
--

--
-- AUTO_INCREMENT de la tabla `clientes`
--
ALTER TABLE `clientes`
  MODIFY `id` int(11) NOT NULL AUTO_INCREMENT, AUTO_INCREMENT=995;

--
-- AUTO_INCREMENT de la tabla `consumos`
--
ALTER TABLE `consumos`
  MODIFY `id` int(11) NOT NULL AUTO_INCREMENT, AUTO_INCREMENT=1309;

--
-- AUTO_INCREMENT de la tabla `empresa`
--
ALTER TABLE `empresa`
  MODIFY `id` int(11) NOT NULL AUTO_INCREMENT, AUTO_INCREMENT=5;

--
-- AUTO_INCREMENT de la tabla `usuarios`
--
ALTER TABLE `usuarios`
  MODIFY `id` int(11) NOT NULL AUTO_INCREMENT, AUTO_INCREMENT=2;

--
-- Restricciones para tablas volcadas
--

--
-- Filtros para la tabla `clientes`
--
ALTER TABLE `clientes`
  ADD CONSTRAINT `clientes_ibfk_1` FOREIGN KEY (`empId`) REFERENCES `empresa` (`id`);

--
-- Filtros para la tabla `consumos`
--
ALTER TABLE `consumos`
  ADD CONSTRAINT `consumos_ibfk_1` FOREIGN KEY (`cliId`) REFERENCES `clientes` (`id`);
COMMIT;

/*!40101 SET CHARACTER_SET_CLIENT=@OLD_CHARACTER_SET_CLIENT */;
/*!40101 SET CHARACTER_SET_RESULTS=@OLD_CHARACTER_SET_RESULTS */;
/*!40101 SET COLLATION_CONNECTION=@OLD_COLLATION_CONNECTION */;
